"name_code","kingdom","kingdom_c","phylum","phylum_c","class","class_c","order","order_c","family","family_c","genus","genus_c","species","infraspecies_marker","infraspecies","infraspecies2_marker","infraspecies2","name","author","author2","common_name_c","is_endemic","is_alien","is_invasive","is_photo","380628","Animalia","動物界","Chordata","脊索動物門","Reptilia","爬蟲綱","Squamata","有鱗目","Xenodermatidae","閃皮蛇科","Achalinus","脊蛇屬","formosanus","","","","","Achalinus formosanus","Boulenger, 1908","","臺灣標蛇;臺灣脊蛇;台灣脊蛇;台灣標蛇","0","0","0","1","380629","Animalia","動物界","Chordata","脊索動物門","Reptilia","爬蟲綱","Squamata","有鱗目","Xenodermatidae","閃皮蛇科","Achalinus","脊蛇屬","niger","","","","","Achalinus niger","Maki, 1931","","標蛇;阿里山脊蛇","1","0","0","1","418273","Animalia","動物界","Chordata","脊索動物門","Reptilia","爬蟲綱","Squamata","有鱗目","Acrochordidae","瘰鱗蛇科","Acrochordus","瘰鱗蛇屬","granulatus","","","","","Acrochordus granulatus","SCHNEIDER 1799","","瘰鱗蛇","0","1","0","0","380632","Animalia","動物界","Chordata","脊索動物門","Reptilia","爬蟲綱","Squamata","有鱗目","Colubridae","黃頷蛇科","Amphiesma","腹鏈蛇屬","stolatum","","","","","Amphiesma stolatum","Linnaeus, 1758","","花浪蛇;草腹鏈蛇;草游蛇;黃帶水蛇;草花蛇","0","0","0","1","419412","Animalia","動物界","Chordata","脊索動物門","Reptilia","爬蟲綱","Squamata","有鱗目","Polychrotidae","變色蜥科","Anolis","安樂蜥屬","sagrei","","","","","Anolis sagrei","Duméril &amp; Bibron, 1837","","沙氏變色蜥","0","1","1","0","434998","Animalia","動物界","Chordata","脊索動物門","Reptilia","爬蟲綱","Squamata","有鱗目","Typhlopidae","盲蛇科","Argyrophis","盲蛇屬","koshunensis","","","","","Argyrophis koshunensis","(Oshima, 1916)","","恆春盲蛇;大盲蛇","1","0","0","0","380689","Animalia","動物界","Chordata","脊索動物門","Reptilia","爬蟲綱","Squamata","有鱗目","Scincidae","石龍子科","Ateuchosaurus","光蜥屬","chinensis","","","","","Ateuchosaurus chinensis","Gray, 1845","","中國光蜥;光蜥","0","0","0","1","417693","Animalia","動物界","Chordata","脊索動物門","Reptilia","爬蟲綱","Squamata","有鱗目","Boidae","蚺科","Boa","蚺屬","constrictor","","","","","Boa constrictor","LINNAEUS 1758","","巨蚺","0","1","0","0","426960","Animalia","動物界","Chordata","脊索動物門","Reptilia","爬蟲綱","Squamata","有鱗目","Colubridae","黃頷蛇科","Boiga","林蛇屬","irregularis","","","","","Boiga irregularis","(Merrem, 1802)","","棕樹蛇","0","1","1","1","380633","Animalia","動物界","Chordata","脊索動物門","Reptilia","爬蟲綱","Squamata","有鱗目","Colubridae","黃頷蛇科","Boiga","林蛇屬","kraepelini","","","","","Boiga kraepelini","Stejneger, 1902","","大頭蛇;紋花林蛇","0","0","0","1","380661","Animalia","動物界","Chordata","脊索動物門","Reptilia","爬蟲綱","Squamata","有鱗目","Elapidae","蝙蝠蛇科","Bungarus","環蛇屬","multicinctus","","","","","Bungarus multicinctus","Blyth, 1861","","雨傘節;銀環蛇","0","0","0","1","418026","Animalia","動物界","Chordata","脊索動物門","Reptilia","爬蟲綱","Crocodylia","鱷目","Crocodylidae","鱷科","Caiman","凱門鱷屬","crocodilus","","","","","Caiman crocodilus","LINNAEUS 1758","","眼鏡凱門鱷","0","1","0","1","380634","Animalia","動物界","Chordata","脊索動物門","Reptilia","爬蟲綱","Squamata","有鱗目","Colubridae","黃頷蛇科","Calamaria","兩頭蛇屬","pavimentata","","","","","Calamaria pavimentata","Duméril  &amp; Bibron, 1854","","鐵線蛇;尖尾兩頭蛇","0","0","0","1","380614","Animalia","動物界","Chordata","脊索動物門","Reptilia","爬蟲綱","Testudines","龜鱉目","Cheloniidae","蠵龜科","Caretta","蠵龜屬","caretta","","","","","Caretta caretta","(Linnaeus, 1758)","","赤蠵龜;紅海龜;蠵龜","0","0","0","1","438268","Animalia","動物界","Chordata","脊索動物門","Reptilia","爬蟲綱","Squamata","有鱗目","Chamaeleonidae","變色龍科","Chamaeleo","變色龍屬","calyptratus","","","","","Chamaeleo calyptratus","Duméril &amp; Duméril, 1851","","高冠變色龍","0","1","1","","380615","Animalia","動物界","Chordata","脊索動物門","Reptilia","爬蟲綱","Testudines","龜鱉目","Cheloniidae","蠵龜科","Chelonia","海龜屬","mydas","","","","","Chelonia mydas","(Linnaeus, 1758)","","綠蠵龜;綠海龜;海龜;石龜;黑龜;菜龜","0","0","0","1","417835","Animalia","動物界","Chordata","脊索動物門","Reptilia","爬蟲綱","Testudines","龜鱉目","Emydidae","澤龜科","Clemmys","水龜屬","guttata","","","","","Clemmys guttata","SCHNEIDER 1792","","星點龜","0","1","0","0","380611","Animalia","動物界","Chordata","脊索動物門","Reptilia","爬蟲綱","Testudines","龜鱉目","Geoemydidae","地龜科","Cuora","","flavomarginata","","","","","Cuora flavomarginata","Gray, 1863","","食蛇龜;黃緣閉殼龜","0","0","0","1","380635","Animalia","動物界","Chordata","脊索動物門","Reptilia","爬蟲綱","Squamata","有鱗目","Colubridae","黃頷蛇科","Cyclophiops","翠青蛇屬","major","","","","","Cyclophiops major","Günther, 1858","","青蛇;翠青蛇;清竹絲","0","0","0","1","427241","Animalia","動物界","Chordata","脊索動物門","Reptilia","爬蟲綱","Squamata","有鱗目","Viperidae","蝮蛇科","Daboia","","siamensis","","","","","Daboia siamensis","(Smith, 1917)","","鎖鍊蛇;鎖蛇;七步蛇;鎖鏈蛇","0","0","0","1","380702","Animalia","動物界","Chordata","脊索動物門","Reptilia","爬蟲綱","Squamata","有鱗目","Viperidae","蝮蛇科","Deinagkistrodon","尖吻蝮屬","acutus","","","","","Deinagkistrodon acutus","Günther, 1888","","百步蛇;尖吻腹蛇","0","0","0","0","380618","Animalia","動物界","Chordata","脊索動物門","Reptilia","爬蟲綱","Testudines","龜鱉目","Dermochelyidae","革龜科","Dermochelys","革龜屬","coriacea","","","","","Dermochelys coriacea","Vandelli, 1761","","革龜;稜皮龜","0","0","0","0","434087","Animalia","動物界","Chordata","脊索動物門","Reptilia","爬蟲綱","Squamata","有鱗目","Agamidae","飛蜥科","Diploderma","龍蜥屬","brevipes","","","","","Diploderma brevipes","(Gressitt, 1936)","","短肢攀蜥","1","0","0","1","434088","Animalia","動物界","Chordata","脊索動物門","Reptilia","爬蟲綱","Squamata","有鱗目","Agamidae","飛蜥科","Diploderma","龍蜥屬","luei","","","","","Diploderma luei","(Ota, Chen &amp; Shang, 1998)","","呂氏攀蜥","1","0","0","1","434089","Animalia","動物界","Chordata","脊索動物門","Reptilia","爬蟲綱","Squamata","有鱗目","Agamidae","飛蜥科","Diploderma","龍蜥屬","makii","","","","","Diploderma makii","(Ota, 1989)","","牧氏攀蜥","1","0","0","1","434093","Animalia","動物界","Chordata","脊索動物門","Reptilia","爬蟲綱","Squamata","有鱗目","Agamidae","飛蜥科","Diploderma","龍蜥屬","polygonatum","subsp.","xanthostomum","","","Diploderma polygonatum xanthostomum","(Ota,1991)","","黃口攀蜥","0","0","0","0","434090","Animalia","動物界","Chordata","脊索動物門","Reptilia","爬蟲綱","Squamata","有鱗目","Agamidae","飛蜥科","Diploderma","龍蜥屬","swinhonis","","","","","Diploderma swinhonis","(Günther, 1864)","","斯文豪氏攀蜥","1","0","0","1","380627","Animalia","動物界","Chordata","脊索動物門","Reptilia","爬蟲綱","Squamata","有鱗目","Anguidae","蛇蜥科","Dopasia","","harti","","","","","Dopasia harti","(Boulenger, 1899)","","哈特氏蛇蜥;哈特氏脆蛇蜥;臺灣蛇蜥;台灣蛇蜥","0","0","0","1","380637","Animalia","動物界","Chordata","脊索動物門","Reptilia","爬蟲綱","Squamata","有鱗目","Colubridae","黃頷蛇科","Elaphe","錦蛇屬","carinata","","","","","Elaphe carinata","Günther, 1864","","王錦蛇;臭青公;稜鱗錦蛇;臭黃蟒;臭青母","0","0","0","1","417696","Animalia","動物界","Chordata","脊索動物門","Reptilia","爬蟲綱","Squamata","有鱗目","Colubridae","黃頷蛇科","Elaphe","錦蛇屬","guttata","","","","","Elaphe guttata","(LINNAEUS, 1758)","","玉米錦蛇","0","1","0","1","380690","Animalia","動物界","Chordata","脊索動物門","Reptilia","爬蟲綱","Squamata","有鱗目","Scincidae","石龍子科","Emoia","島蜥屬","atrocostata","","","","","Emoia atrocostata","LESSOn, 1830","","岩岸島蜥;都蜥蜴","0","0","0","1","380675","Animalia","動物界","Chordata","脊索動物門","Reptilia","爬蟲綱","Squamata","有鱗目","Elapidae","蝙蝠蛇科","Emydocephalus","","ijimae","","","","","Emydocephalus ijimae","Stejneger, 1898","","飯島氏海蛇;飯島氏龜頭海蛇","0","0","0","1","380643","Animalia","動物界","Chordata","脊索動物門","Reptilia","爬蟲綱","Squamata","有鱗目","Homalopsidae","水蛇科","Enhydris","水蛇屬","plumbea","","","","","Enhydris plumbea","Boie, 1827","","鉛色水蛇;水蛇;水泡蛇","0","0","0","1","417633","Animalia","動物界","Chordata","脊索動物門","Reptilia","爬蟲綱","Squamata","有鱗目","Boidae","蚺科","Epicrates","水蚺屬","cenchria","","","","","Epicrates cenchria","(LINNAEUS 1758)","","巴西彩虹蚺","0","1","0","1","380616","Animalia","動物界","Chordata","脊索動物門","Reptilia","爬蟲綱","Testudines","龜鱉目","Cheloniidae","蠵龜科","Eretmochelys","玳瑁屬","imbricata","","","","","Eretmochelys imbricata","Conant, 1991","","玳瑁;鷹嘴海龜;毒瑁","0","0","0","1","417976","Animalia","動物界","Chordata","脊索動物門","Reptilia","爬蟲綱","Squamata","有鱗目","Gekkonidae","壁虎科","Eublepharis","擬蜥屬","macularius","","","","","Eublepharis macularius","Blyth, 1854","","豹紋守宮","0","1","0","0","427266","Animalia","動物界","Chordata","脊索動物門","Reptilia","爬蟲綱","Squamata","有鱗目","Colubridae","黃頷蛇科","Euprepiophis","","mandarinus","","","","","Euprepiophis mandarinus","(Cantor, 1842)","","玉斑錦蛇;高砂蛇;玉帶蛇","0","0","0","1","421736","Animalia","動物界","Chordata","脊索動物門","Reptilia","爬蟲綱","Squamata","有鱗目","Scincidae","石龍子科","Eutropis","真稜蜥屬","cumingi","","","","","Eutropis cumingi","(Browm &amp; Alcala, 1980)","","庫氏真稜蜥;庫明氏真稜蜥;庫氏南蜥","0","0","0","1","422630","Animalia","動物界","Chordata","脊索動物門","Reptilia","爬蟲綱","Squamata","有鱗目","Scincidae","石龍子科","Eutropis","真稜蜥屬","longicaudata","","","","","Eutropis longicaudata","(Hallowell, 1856)","","長尾真稜蜥;長尾南蜥","0","0","0","1","421742","Animalia","動物界","Chordata","脊索動物門","Reptilia","爬蟲綱","Squamata","有鱗目","Scincidae","石龍子科","Eutropis","真稜蜥屬","multicarinata","","borealis","","","Eutropis multicarinata borealis","(Browm &amp; Alcala, 1980)","","多稜真稜蜥;多稜真稜蜥北方亞種;多稜南蜥","0","0","0","1","422619","Animalia","動物界","Chordata","脊索動物門","Reptilia","爬蟲綱","Squamata","有鱗目","Scincidae","石龍子科","Eutropis","真稜蜥屬","multifasciata","","","","","Eutropis multifasciata","(Kunl, 1820)","","多線真稜蜥;多線南蜥;多紋南蜥","0","1","1","1","380665","Animalia","動物界","Chordata","脊索動物門","Reptilia","爬蟲綱","Squamata","有鱗目","Gekkonidae","壁虎科","Gehyra","截趾虎屬","mutilata","","","","","Gehyra mutilata","Wiegmann, 1834","","裂足虎;裂足蝎虎;截趾虎","0","0","0","1","443093","Animalia","動物界","Chordata","脊索動物門","Reptilia","爬蟲綱","Squamata","有鱗目","Gekkonidae","壁虎科","Gekko","壁虎屬","gecko","","","","","Gekko gecko","Linnaeus, 1758","","大守宮;大壁虎","0","1","1","","431735","Animalia","動物界","Chordata","脊索動物門","Reptilia","爬蟲綱","Squamata","有鱗目","Gekkonidae","壁虎科","Gekko","壁虎屬","guishanicus","","","","","Gekko guishanicus","Lin&amp;Yao, 2016","","龜山壁虎","0","0","0","1","380666","Animalia","動物界","Chordata","脊索動物門","Reptilia","爬蟲綱","Squamata","有鱗目","Gekkonidae","壁虎科","Gekko","壁虎屬","hokouensis","","","","","Gekko hokouensis","Pope, 1928","","鉛山壁虎;多疣壁虎;守宮;荔波壁虎","0","0","0","1","380667","Animalia","動物界","Chordata","脊索動物門","Reptilia","爬蟲綱","Squamata","有鱗目","Gekkonidae","壁虎科","Gekko","壁虎屬","kikuchii","","","","","Gekko kikuchii","Oshima, 1912","","菊池氏壁虎;菊池氏守宮;蘭嶼守宮;蘭嶼壁虎","1","0","0","1","Rep-Syn-6954","Animalia","動物界","Chordata","脊索動物門","Reptilia","爬蟲綱","Squamata","有鱗目","Gekkonidae","壁虎科","Gekko","壁虎屬","monarchus","","","","","Gekko monarchus","(Schlegel, 1836)","","脊斑壁虎","0","1","1","1","417722","Animalia","動物界","Chordata","脊索動物門","Reptilia","爬蟲綱","Testudines","龜鱉目","Testudinidae","陸龜科","Geochelone","象龜屬","elegans","","","","","Geochelone elegans","Schoepff 1795","","印度星龜","0","1","0","0","421737","Animalia","動物界","Chordata","脊索動物門","Reptilia","爬蟲綱","Squamata","有鱗目","Colubridae","黃頷蛇科","Gonyosoma","","frenatus","","","","","Gonyosoma frenatus","(Gray, 1853)","","灰腹綠錦蛇;灰腹綠樹錦蛇;灰腹綠瘦錦蛇","0","0","0","1","434997","Animalia","動物界","Chordata","脊索動物門","Reptilia","爬蟲綱","Squamata","有鱗目","Colubridae","黃頷蛇科","Hebius","東亞腹鍊蛇屬","miyajimae","","","","","Hebius miyajimae","(Maki, 1931)","","金絲蛇;臺北游蛇;臺北腹鏈蛇;台北游蛇;台北腹鏈蛇","1","0","0","1","433245","Animalia","動物界","Chordata","脊索動物門","Reptilia","爬蟲綱","Squamata","有鱗目","Colubridae","黃頷蛇科","Hebius","東亞腹鍊蛇屬","sauteri","","","","","Hebius sauteri","(Boulenger, 1909)","","梭德氏游蛇;梭德氏遊蛇","1","0","0","","380668","Animalia","動物界","Chordata","脊索動物門","Reptilia","爬蟲綱","Squamata","有鱗目","Gekkonidae","壁虎科","Hemidactylus","蜥虎屬","bowringii","","","","","Hemidactylus bowringii","Stejneger, 1907","","無疣蝎虎;鹽蛇;縱斑蜥虎;原尾蜥虎;無疣蜥虎","0","0","0","1","443094","Animalia","動物界","Chordata","脊索動物門","Reptilia","爬蟲綱","Squamata","有鱗目","Gekkonidae","壁虎科","Hemidactylus","蜥虎屬","brookii","","","","","Hemidactylus brookii","Gray, 1845","","密疣蝎虎","0","1","0","","380669","Animalia","動物界","Chordata","脊索動物門","Reptilia","爬蟲綱","Squamata","有鱗目","Gekkonidae","壁虎科","Hemidactylus","蜥虎屬","frenatus","","","","","Hemidactylus frenatus","Schlegel, 1836","","疣尾蝎虎;橫斑蜥虎;疣尾蜥虎;蜥虎;蝎虎","0","0","0","1","380671","Animalia","動物界","Chordata","脊索動物門","Reptilia","爬蟲綱","Squamata","有鱗目","Gekkonidae","壁虎科","Hemidactylus","蜥虎屬","stejnegeri","","","","","Hemidactylus stejnegeri","Ota  &amp; Hikida, 1989","","史丹吉氏蝎虎;紅葉守宮;史氏蝎虎;史丹吉氏蜥虎;鋸尾蝎虎","0","0","0","1","380672","Animalia","動物界","Chordata","脊索動物門","Reptilia","爬蟲綱","Squamata","有鱗目","Gekkonidae","壁虎科","Hemiphyllodactylus","半葉趾虎屬","typus","","","","","Hemiphyllodactylus typus","Bleeker, 1860","","半葉趾蝎虎;爪哇半葉趾虎","0","0","0","1","421731","Animalia","動物界","Chordata","脊索動物門","Reptilia","爬蟲綱","Squamata","有鱗目","Elapidae","蝙蝠蛇科","Hydrophis","","curtus","","","","","Hydrophis curtus","(Shaw, 1802)","","棘刺海蛇;棘海蛇;刺海蛇;平頦海蛇","0","0","0","0","380676","Animalia","動物界","Chordata","脊索動物門","Reptilia","爬蟲綱","Squamata","有鱗目","Elapidae","蝙蝠蛇科","Hydrophis","","cyanocinctus","","","","","Hydrophis cyanocinctus","Daudin, 1803","","青環海蛇","0","0","0","0","380677","Animalia","動物界","Chordata","脊索動物門","Reptilia","爬蟲綱","Squamata","有鱗目","Elapidae","蝙蝠蛇科","Hydrophis","","melanocephalus","","","","","Hydrophis melanocephalus","Gray, 1849","","黑頭海蛇","0","0","0","1","421728","Animalia","動物界","Chordata","脊索動物門","Reptilia","爬蟲綱","Squamata","有鱗目","Elapidae","蝙蝠蛇科","Hydrophis","","ornatus","","","","","Hydrophis ornatus","(Gray, 1842)","","麗斑海蛇;淡灰海蛇;黑星海蛇;黑點海蛇","0","0","0","0","421722","Animalia","動物界","Chordata","脊索動物門","Reptilia","爬蟲綱","Squamata","有鱗目","Elapidae","蝙蝠蛇科","Hydrophis","","peronii","","","","","Hydrophis peronii","(Duméril, 1853)","","角海蛇;棘刺海蛇;細鱗海蛇;棘眥海蛇","0","0","0","0","421723","Animalia","動物界","Chordata","脊索動物門","Reptilia","爬蟲綱","Squamata","有鱗目","Elapidae","蝙蝠蛇科","Hydrophis","","stokesii","","","","","Hydrophis stokesii","(Gray, 1846)","","大頭海蛇;棘鱗海蛇;史托克斯海蛇","0","0","0","0","434972","Animalia","動物界","Chordata","脊索動物門","Reptilia","爬蟲綱","Squamata","有鱗目","Iguanidae","鬣蜥科","Iguana","鬣蜥屬","iguana","","","","","Iguana iguana","(Linnaeus, 1758)","","綠鬣蜥;美洲綠鬣蜥","0","1","1","","418130","Animalia","動物界","Chordata","脊索動物門","Reptilia","爬蟲綱","Testudines","龜鱉目","Testudinidae","陸龜科","Indotestudo","鸚嘴龜屬","elongata","","","","","Indotestudo elongata","Blyth, 1854","","黃頭陸龜","0","1","0","0","437474","Animalia","動物界","Chordata","脊索動物門","Reptilia","爬蟲綱","Squamata","有鱗目","Typhlopidae","盲蛇科","Indotyphlops","印度盲蛇屬","braminus","","","","","Indotyphlops braminus","(Daudin, 1803)","","鉤盲蛇","0","0","0","","421730","Animalia","動物界","Chordata","脊索動物門","Reptilia","爬蟲綱","Squamata","有鱗目","Elapidae","蝙蝠蛇科","Kerilia","","jerdonii","","","","","Kerilia jerdonii","Gray, 1849","","截吻海蛇;截吻海蛇暹羅亞種;菱斑海蛇;哲東氏海蛇","0","0","0","0","417674","Animalia","動物界","Chordata","脊索動物門","Reptilia","爬蟲綱","Squamata","有鱗目","Colubridae","黃頷蛇科","Lampropeltis","王蛇屬","getula","","","","","Lampropeltis getula","(BLAINVILLE 1835)","","加州王蛇","0","1","0","0","380678","Animalia","動物界","Chordata","脊索動物門","Reptilia","爬蟲綱","Squamata","有鱗目","Elapidae","蝙蝠蛇科","Laticauda","","colubrina","","","","","Laticauda colubrina","(Schneider, 1799)","","黃唇青斑海蛇;藍灰扁尾海蛇","0","0","0","1","380679","Animalia","動物界","Chordata","脊索動物門","Reptilia","爬蟲綱","Squamata","有鱗目","Elapidae","蝙蝠蛇科","Laticauda","","laticaudata","","","","","Laticauda laticaudata","Linnaeus, 1758","","黑唇青斑海蛇;扁尾海蛇","0","0","0","1","380680","Animalia","動物界","Chordata","脊索動物門","Reptilia","爬蟲綱","Squamata","有鱗目","Elapidae","蝙蝠蛇科","Laticauda","","semifasciata","","","","","Laticauda semifasciata","Stejneger, 1907","","闊帶青斑海蛇;半環扁尾海蛇","0","0","0","1","380617","Animalia","動物界","Chordata","脊索動物門","Reptilia","爬蟲綱","Testudines","龜鱉目","Cheloniidae","蠵龜科","Lepidochelys","麗龜屬","olivacea","","","","","Lepidochelys olivacea","Eschscholtz, 1829","","欖蠵龜;麗龜","0","0","0","1","380673","Animalia","動物界","Chordata","脊索動物門","Reptilia","爬蟲綱","Squamata","有鱗目","Gekkonidae","壁虎科","Lepidodactylus","鱗趾虎屬","lugubris","","","","","Lepidodactylus lugubris","Duméril  &amp; Bibron, 1836","","鱗趾虎;鱗趾蝎虎","0","0","0","1","380674","Animalia","動物界","Chordata","脊索動物門","Reptilia","爬蟲綱","Squamata","有鱗目","Gekkonidae","壁虎科","Lepidodactylus","鱗趾虎屬","yami","","","","","Lepidodactylus yami","Ota, 1987","","雅美鱗趾虎;臺灣鱗趾虎;雅美鱗趾蝎虎;台灣鱗趾虎","1","0","0","1","380636","Animalia","動物界","Chordata","脊索動物門","Reptilia","爬蟲綱","Squamata","有鱗目","Colubridae","黃頷蛇科","Lycodon","白環蛇屬","rufozonatus","","","","","Lycodon rufozonatus","Cantor, 1842","","紅斑蛇;赤煉蛇;火赤煉","0","0","0","1","380644","Animalia","動物界","Chordata","脊索動物門","Reptilia","爬蟲綱","Squamata","有鱗目","Colubridae","黃頷蛇科","Lycodon","白環蛇屬","ruhstrati","","","","","Lycodon ruhstrati","Fischer, 1886","","白梅花蛇;黑塊白環蛇;黑背白環蛇;白鏈蛇","0","0","0","1","418346","Animalia","動物界","Chordata","脊索動物門","Reptilia","爬蟲綱","Testudines","龜鱉目","Emydidae","澤龜科","Malaclemys","鑽紋龜屬","terrapin","","","","","Malaclemys terrapin","SCHOEPFF 1793","","鑽紋龜","0","1","0","0","417641","Animalia","動物界","Chordata","脊索動物門","Reptilia","爬蟲綱","Testudines","龜鱉目","Geoemydidae","地龜科","Mauremys","石龜屬","japonica","","","","","Mauremys japonica","TEMMINCK &amp; SCHLEGEL 1835","","日本石龜","0","1","0","0","380612","Animalia","動物界","Chordata","脊索動物門","Reptilia","爬蟲綱","Testudines","龜鱉目","Geoemydidae","地龜科","Mauremys","石龜屬","mutica","","","","","Mauremys mutica","(Cantor, 1842)","","柴棺龜;黃龜","0","0","0","1","380610","Animalia","動物界","Chordata","脊索動物門","Reptilia","爬蟲綱","Testudines","龜鱉目","Geoemydidae","地龜科","Mauremys","石龜屬","reevesii","","","","","Mauremys reevesii","(Gray, 1831)","","金龜;革龜;臭青龜;烏龜","0","0","0","1","421741","Animalia","動物界","Chordata","脊索動物門","Reptilia","爬蟲綱","Testudines","龜鱉目","Geoemydidae","地龜科","Mauremys","石龜屬","sinensis","","","","","Mauremys sinensis","(Gray, 1834)","","斑龜;花龜;綠龜","0","0","0","1","380642","Animalia","動物界","Chordata","脊索動物門","Reptilia","爬蟲綱","Squamata","有鱗目","Homalopsidae","水蛇科","Myrrophis","","chinensis","","","","","Myrrophis chinensis","(Gray, 1842)","","唐水蛇;泥蛇;中國水蛇","0","0","0","1","380664","Animalia","動物界","Chordata","脊索動物門","Reptilia","爬蟲綱","Squamata","有鱗目","Elapidae","蝙蝠蛇科","Naja","眼鏡蛇屬","atra","","","","","Naja atra","Wüster, 1991","","眼鏡蛇;飯匙倩","0","0","0","1","431588","Animalia","動物界","Chordata","脊索動物門","Reptilia","爬蟲綱","Squamata","有鱗目","Colubridae","黃頷蛇科","Oligodon","小頭蛇屬","chinensis","","","","","Oligodon chinensis","(Günther, 1888)","","中國小頭蛇","0","0","0","1","380646","Animalia","動物界","Chordata","脊索動物門","Reptilia","爬蟲綱","Squamata","有鱗目","Colubridae","黃頷蛇科","Oligodon","小頭蛇屬","formosanus","","","","","Oligodon formosanus","Günther, 1872","","赤背松柏根;花秤桿蛇;臺灣小頭蛇;台灣小頭蛇","0","0","0","1","380647","Animalia","動物界","Chordata","脊索動物門","Reptilia","爬蟲綱","Squamata","有鱗目","Colubridae","黃頷蛇科","Oligodon","小頭蛇屬","ornatus","","","","","Oligodon ornatus","Van Denburgh, 1909","","赤腹松柏根;黃腹紅寶蛇;飾紋小頭蛇","0","0","0","1","427267","Animalia","動物界","Chordata","脊索動物門","Reptilia","爬蟲綱","Squamata","有鱗目","Colubridae","黃頷蛇科","Oreocryptophis","","porphyraceus","","kawakamii","","","Oreocryptophis porphyraceus kawakamii","(Oshima, 1911)","","紅竹蛇;紫灰錦蛇","0","0","0","1","421726","Animalia","動物界","Chordata","脊索動物門","Reptilia","爬蟲綱","Squamata","有鱗目","Colubridae","黃頷蛇科","Orthriophis","黑眉錦蛇屬","taeniurus","","friesi","","","Orthriophis taeniurus friesi","","(Werner, 1926)","臺灣黑眉錦蛇;台灣黑眉錦蛇","1","0","0","1","380703","Animalia","動物界","Chordata","脊索動物門","Reptilia","爬蟲綱","Squamata","有鱗目","Viperidae","蝮蛇科","Ovophis","烙鐵頭蛇屬","monticola","","makazayazaya","","","Ovophis monticola makazayazaya","(Takahashi, 1922)","","瑪家山龜殼花;阿里山龜殼花;山烙鐵頭","0","0","0","1","430311","Animalia","動物界","Chordata","脊索動物門","Reptilia","爬蟲綱","Squamata","有鱗目","Pareatidae","鈍頭蛇科","Pareas","鈍頭蛇屬","atayal","","","","","Pareas atayal","You , Poyarkov &amp; Lin , 2015","","泰雅鈍頭蛇","1","0","0","1","380648","Animalia","動物界","Chordata","脊索動物門","Reptilia","爬蟲綱","Squamata","有鱗目","Pareatidae","鈍頭蛇科","Pareas","鈍頭蛇屬","formosensis","","","","","Pareas formosensis","(Van Denburgh, 1909)","","臺灣鈍頭蛇;脊高蛇;阿里山鈍頭蛇;台灣鈍頭蛇","1","0","0","1","Rep-Syn-12696","Animalia","動物界","Chordata","脊索動物門","Reptilia","爬蟲綱","Squamata","有鱗目","Pareatidae","鈍頭蛇科","Pareas","鈍頭蛇屬","komaii","","","","","Pareas komaii","(Maki, 1931)","","駒井氏鈍頭蛇","0","0","0","","380681","Animalia","動物界","Chordata","脊索動物門","Reptilia","爬蟲綱","Squamata","有鱗目","Elapidae","蝙蝠蛇科","Pelamis","","platurus","","","","","Pelamis platurus","Smith, 1943","","長吻海蛇;黑背海蛇","0","0","0","1","380620","Animalia","動物界","Chordata","脊索動物門","Reptilia","爬蟲綱","Testudines","龜鱉目","Trionychidae","鱉科","Pelodiscus","鱉屬","sinensis","","","","","Pelodiscus sinensis","Wiegmann, 1835","","中華鱉;圓魚;甲魚","0","0","0","1","434971","Animalia","動物界","Chordata","脊索動物門","Reptilia","爬蟲綱","Squamata","有鱗目","Agamidae","飛蜥科","Physignathus","長鬣蜥屬","cocincinus","","","","","Physignathus cocincinus","Cuvier, 1829","","綠水龍;亞洲水龍;長鬣蜥;綠長鬣蜥","0","1","1","0","380649","Animalia","動物界","Chordata","脊索動物門","Reptilia","爬蟲綱","Squamata","有鱗目","Colubridae","黃頷蛇科","Plagiopholis","頸斑蛇屬","styani","","","","","Plagiopholis styani","Boulenger, 1899","","福建頸斑蛇;頸斑蛇","0","0","0","1","436660","Animalia","動物界","Chordata","脊索動物門","Reptilia","爬蟲綱","Squamata","有鱗目","Scincidae","石龍子科","Plestiodon","石龍子屬","chinensis","","","","","Plestiodon chinensis","(Gray, 1838)","","中國石龍子","0","0","0","","427239","Animalia","動物界","Chordata","脊索動物門","Reptilia","爬蟲綱","Squamata","有鱗目","Scincidae","石龍子科","Plestiodon","石龍子屬","elegans","","","","","Plestiodon elegans","(Boulenger, 1887)","","麗紋石龍子;五線石龍子","0","0","0","1","444786","Animalia","動物界","Chordata","脊索動物門","Reptilia","爬蟲綱","Squamata","有鱗目","Scincidae","石龍子科","Plestiodon","石龍子屬","leucostictus","","","","","Plestiodon leucostictus","(Hikida, 1988)","","白斑石龍子","1","0","0","1","417579","Animalia","動物界","Chordata","脊索動物門","Reptilia","爬蟲綱","Squamata","有鱗目","Agamidae","飛蜥科","Pogona","鬃獅蜥屬","vitticeps","","","","","Pogona vitticeps","AHL 1926","","中部鬆獅蜥","0","1","0","0","421732","Animalia","動物界","Chordata","脊索動物門","Reptilia","爬蟲綱","Squamata","有鱗目","Elapidae","蝙蝠蛇科","Praescutata","","viperina","","","","","Praescutata viperina","(Schmidt, 1852)","","海蝰蛇;毒海蛇;黑尾海蛇","0","0","0","0","427240","Animalia","動物界","Chordata","脊索動物門","Reptilia","爬蟲綱","Squamata","有鱗目","Viperidae","蝮蛇科","Protobothrops","原矛頭蝮屬","mucrosquamatus","","","","","Protobothrops mucrosquamatus","(Günther, 1864)","","龜殼花;烙鐵頭;原矛頭蝮","0","0","0","1","443529","Animalia","動物界","Chordata","脊索動物門","Reptilia","爬蟲綱","Squamata","有鱗目","Colubridae","黃頷蛇科","Psammodynastes","紫沙蛇屬","pulverulentus","","papenfussi","","","Psammodynastes pulverulentus papenfussi","Zhao, 1995","","茶斑蛇;褐山蛇;茶斑大頭蛇;紫沙蛇","1","0","0","","444693","Animalia","動物界","Chordata","脊索動物門","Reptilia","爬蟲綱","Squamata","有鱗目","Colubridae","黃頷蛇科","Pseudagkistrodon","擬蝮蛇屬","rudis","","","","","Pseudagkistrodon rudis","(Boulenger, 1906)","","擬龜殼花;偽蝮蛇;頸稜蛇","0","0","0","","380651","Animalia","動物界","Chordata","脊索動物門","Reptilia","爬蟲綱","Squamata","有鱗目","Colubridae","黃頷蛇科","Pseudoxenodon","","stejnegeri","","","","","Pseudoxenodon stejnegeri","","","史丹吉氏斜鱗蛇","0","0","0","1","380652","Animalia","動物界","Chordata","脊索動物門","Reptilia","爬蟲綱","Squamata","有鱗目","Colubridae","黃頷蛇科","Ptyas","鼠蛇屬","korros","","","","","Ptyas korros","Schlegel, 1837","","細紋南蛇;過樹龍;黃梢蛇;灰鼠蛇","0","0","0","1","380653","Animalia","動物界","Chordata","脊索動物門","Reptilia","爬蟲綱","Squamata","有鱗目","Colubridae","黃頷蛇科","Ptyas","鼠蛇屬","mucosus","","","","","Ptyas mucosus","Cope, 1861","","南蛇;水南蛇;華錦蛇;華鼠蛇","0","0","0","1","427283","Animalia","動物界","Chordata","脊索動物門","Reptilia","爬蟲綱","Squamata","有鱗目","Pythonidae","蟒科","Python","蟒屬","bivittatus","","","","","Python bivittatus","Kuhl, 1820","","緬甸蟒","0","0","0","1","418016","Animalia","動物界","Chordata","脊索動物門","Reptilia","爬蟲綱","Squamata","有鱗目","Pythonidae","蟒科","Python","蟒屬","regius","","","","","Python regius","Shaw 1802","","球蟒","0","1","0","0","418194","Animalia","動物界","Chordata","脊索動物門","Reptilia","爬蟲綱","Squamata","有鱗目","Pythonidae","蟒科","Python","蟒屬","reticulatus","","","","","Python reticulatus","SCHNEIDER 1801","","網紋蟒","0","1","0","0","380654","Animalia","動物界","Chordata","脊索動物門","Reptilia","爬蟲綱","Squamata","有鱗目","Colubridae","黃頷蛇科","Rhabdophis","頸槽蛇屬","swinhonis","","","","","Rhabdophis swinhonis","Günther, 1868","","斯文豪氏游蛇;臺灣游蛇;臺灣頸槽蛇;斯文豪氏遊蛇;台灣游蛇;台灣頸槽蛇","1","0","0","1","380655","Animalia","動物界","Chordata","脊索動物門","Reptilia","爬蟲綱","Squamata","有鱗目","Colubridae","黃頷蛇科","Rhabdophis","頸槽蛇屬","tigrinus","","formosanus","","","Rhabdophis tigrinus formosanus","(Maki,1931)","","虎斑頸槽蛇臺灣亞種;臺灣赤煉蛇;紅脖游蛇;虎斑游蛇;台灣赤煉蛇;虎斑頸槽蛇台灣亞種","0","0","0","1","417648","Animalia","動物界","Chordata","脊索動物門","Reptilia","爬蟲綱","Testudines","龜鱉目","Emydidae","澤龜科","Rhinoclemmys","木龜屬","pulcherrima","","","","","Rhinoclemmys pulcherrima","GRAY 1855","","木紋龜","0","1","0","0","380696","Animalia","動物界","Chordata","脊索動物門","Reptilia","爬蟲綱","Squamata","有鱗目","Scincidae","石龍子科","Scincella","滑蜥屬","formosensis","","","","","Scincella formosensis","Van Denburgh, 1912","","臺灣滑蜥;台灣滑蜥","1","0","0","1","380656","Animalia","動物界","Chordata","脊索動物門","Reptilia","爬蟲綱","Squamata","有鱗目","Colubridae","黃頷蛇科","Sibynophis","劍蛇屬","chinensis","","","","","Sibynophis chinensis","(Günther, 1889)","","黑頭蛇;黑頭劍蛇","0","0","0","1","421735","Animalia","動物界","Chordata","脊索動物門","Reptilia","爬蟲綱","Squamata","有鱗目","Elapidae","蝙蝠蛇科","Sinomicrurus","帶紋赤蛇屬","sauteri","","","","","Sinomicrurus sauteri","(Steindachner, 1913)","","梭德氏帶紋赤蛇;梭德氏華珊瑚蛇;臺灣麗紋蛇;帶紋赤蛇;台灣麗紋蛇","1","0","0","1","444566","Animalia","動物界","Chordata","脊索動物門","Reptilia","爬蟲綱","Squamata","有鱗目","Elapidae","蝙蝠蛇科","Sinomicrurus","帶紋赤蛇屬","swinhoei","","","","","Sinomicrurus swinhoei","(Van Denburgh, 1912)","","環紋赤蛇;麗紋蛇","1","0","0","1","380657","Animalia","動物界","Chordata","脊索動物門","Reptilia","爬蟲綱","Squamata","有鱗目","Colubridae","黃頷蛇科","Sinonatrix","華遊蛇屬","annularis","","","","","Sinonatrix annularis","Hallowell, 1856","","赤腹游蛇;半紋蛇;紅豬母;水赤鏈游蛇;赤鏈華游蛇","0","0","0","1","380658","Animalia","動物界","Chordata","脊索動物門","Reptilia","爬蟲綱","Squamata","有鱗目","Colubridae","黃頷蛇科","Sinonatrix","華遊蛇屬","percarinata","subsp.","suriki","","","Sinonatrix percarinata suriki","(Maki, 1931)","","白腹游蛇;烏游蛇;華游蛇","0","0","0","1","380698","Animalia","動物界","Chordata","脊索動物門","Reptilia","爬蟲綱","Squamata","有鱗目","Scincidae","石龍子科","Sphenomorphus","蜓蜥屬","incognitus","","","","","Sphenomorphus incognitus","Thompson, 1912","","股鱗蜓蜥;華南蝘蜓;鮑氏蜓蜥","0","0","0","1","380697","Animalia","動物界","Chordata","脊索動物門","Reptilia","爬蟲綱","Squamata","有鱗目","Scincidae","石龍子科","Sphenomorphus","蜓蜥屬","indicus","","","","","Sphenomorphus indicus","Gray, 1853","","印度蜓蜥;銅蜓蜥;蝘蜓","0","0","0","1","380699","Animalia","動物界","Chordata","脊索動物門","Reptilia","爬蟲綱","Squamata","有鱗目","Scincidae","石龍子科","Sphenomorphus","蜓蜥屬","taiwanensis","","","","","Sphenomorphus taiwanensis","Chen &amp; Lue, 1987","","臺灣蜓蜥;台灣蜓蜥","1","0","0","1","380683","Animalia","動物界","Chordata","脊索動物門","Reptilia","爬蟲綱","Squamata","有鱗目","Lacertidae","正蜥科","Takydromus","草蜥屬","formosanus","","","","","Takydromus formosanus","Boulenger, 1894","","臺灣草蜥;台灣草蜥","1","0","0","1","380684","Animalia","動物界","Chordata","脊索動物門","Reptilia","爬蟲綱","Squamata","有鱗目","Lacertidae","正蜥科","Takydromus","草蜥屬","hsuehshanensis","","","","","Takydromus hsuehshanensis","Lin&amp;Cheng, 1981","","雪山草蜥","1","0","0","1","380685","Animalia","動物界","Chordata","脊索動物門","Reptilia","爬蟲綱","Squamata","有鱗目","Lacertidae","正蜥科","Takydromus","草蜥屬","kuehnei","","","","","Takydromus kuehnei","Van Denburgh, 1909","","古氏草蜥;臺灣地蜥;台灣地蜥","0","0","0","1","421724","Animalia","動物界","Chordata","脊索動物門","Reptilia","爬蟲綱","Squamata","有鱗目","Lacertidae","正蜥科","Takydromus","草蜥屬","luyeanus","","","","","Takydromus luyeanus","Lue &amp; Lin, 2008","","鹿野草蜥;蛇舅母;舅母蛇(台)","1","0","0","1","380686","Animalia","動物界","Chordata","脊索動物門","Reptilia","爬蟲綱","Squamata","有鱗目","Lacertidae","正蜥科","Takydromus","草蜥屬","sauteri","","","","","Takydromus sauteri","Van Denburgh, 1909","","梭德氏草蜥;梭德氏舅母蛇;南臺草蜥;南台草蜥","1","0","0","1","380687","Animalia","動物界","Chordata","脊索動物門","Reptilia","爬蟲綱","Squamata","有鱗目","Lacertidae","正蜥科","Takydromus","草蜥屬","septentrionalis","","","","","Takydromus septentrionalis","Günther, 1864","","北草蜥;蛇舅母","0","0","0","1","380688","Animalia","動物界","Chordata","脊索動物門","Reptilia","爬蟲綱","Squamata","有鱗目","Lacertidae","正蜥科","Takydromus","草蜥屬","stejnegeri","","","","","Takydromus stejnegeri","Van Denburgh, 1912","","蓬萊草蜥;史丹吉氏草蜥","1","0","0","1","421729","Animalia","動物界","Chordata","脊索動物門","Reptilia","爬蟲綱","Squamata","有鱗目","Lacertidae","正蜥科","Takydromus","草蜥屬","viridipunctatus","","","","","Takydromus viridipunctatus","Lue &amp; Lin, 2008","","翠斑草蜥;蛇舅母;舅母蛇(台)","1","0","0","1","417861","Animalia","動物界","Chordata","脊索動物門","Reptilia","爬蟲綱","Testudines","龜鱉目","Emydidae","澤龜科","Trachemys","彩龜屬","scripta","subsp.","elegans","","","Trachemys scripta elegans","(Wied, 1838)","","紅耳龜;紅耳泥龜;巴西龜;巴西彩龜;翠龜;麻將龜;秀麗錦龜;七彩龜;彩龜","0","1","1","1","443098","Animalia","動物界","Chordata","脊索動物門","Reptilia","爬蟲綱","Testudines","龜鱉目","Emydidae","澤龜科","Trachemys","彩龜屬","scripta","","scripta","","","Trachemys scripta scripta","(Schoepff, 1792)","","黃耳龜","0","1","0","","380704","Animalia","動物界","Chordata","脊索動物門","Reptilia","爬蟲綱","Squamata","有鱗目","Viperidae","蝮蛇科","Trimeresurus","竹葉青屬","gracilis","","","","","Trimeresurus gracilis","Oshima, 1920","","菊池氏龜殼花;臺灣烙鐵頭;台灣烙鐵頭","1","0","0","1","380706","Animalia","動物界","Chordata","脊索動物門","Reptilia","爬蟲綱","Squamata","有鱗目","Viperidae","蝮蛇科","Trimeresurus","竹葉青屬","stejnegeri","","","","","Trimeresurus stejnegeri","Schmidt, 1925","","赤尾青竹絲;赤尾鮐","0","0","0","1","418252","Animalia","動物界","Chordata","脊索動物門","Reptilia","爬蟲綱","Squamata","有鱗目","Varanidae","巨蜥科","Varanus","巨蜥屬","salvator","","","","","Varanus salvator","LAURENTI 1768","","澤巨蜥","0","1","0","1","434172","Animalia","動物界","Chordata","脊索動物門","Reptilia","爬蟲綱","Squamata","有鱗目","Colubridae","黃頷蛇科","Xenochrophis","漁遊蛇屬","flavipunctatus","","","","","Xenochrophis flavipunctatus","(Hallowell, 1861)","","草花蛇","0","0","0","","380660","Animalia","動物界","Chordata","脊索動物門","Reptilia","爬蟲綱","Squamata","有鱗目","Colubridae","黃頷蛇科","Zaocys","烏梢蛇屬","dhumnades","","","","","Zaocys dhumnades","Cope, 1860","","過山刀;烏梢蛇","0","0","0","1",        

























































