family_apg3|family_apg3_zh|name|zh_name|category
Orchidaceae|蘭科|Liparis hensoaensis|{明潭羊耳蒜,明潭羊耳蘭}|EX
Ericaceae|杜鵑花科|Rhododendron kanehirai|{烏來杜鵑}|EW
Menyanthaceae|睡菜科|Nymphoides lungtanensis|{龍潭莕菜}|EW
Plantaginaceae|車前科|Limnophila taoyuanensis|{桃園石龍尾}|EW
Asteraceae|菊科|Tephroseris kirilowii|{狗舌草}|RE
Asteraceae|菊科|Artemisia annua|{黃花蒿}|RE
Onagraceae|柳葉菜科|Circaea glabrescens|{禿梗露珠草}|RE
Primulaceae|報春花科|Lysimachia candida|{澤珍珠菜}|RE
Rhizophoraceae|紅樹科|Ceriops tagal|{細蕊紅樹}|RE
Cyperaceae|莎草科|Carex metallica|{寬穗薹}|RE
Hydrocharitaceae|水虌科|Najas ancistrocarpa|{士林拂尾藻}|RE
Poaceae|禾本科|Hygroryza aristata|{水禾}|RE
Poaceae|禾本科|Oryza rufipogon|{野生稻}|RE
Blechnaceae|烏毛蕨科|Diploblechnum fraseri|{假桫欏}|CR
Cystopteridaceae|冷蕨科|Gymnocarpium oyamense|{羽節蕨}|CR
Dennstaedtiaceae|碗蕨科|Paesia radula|{曲軸蕨}|CR
Dryopteridaceae|鱗毛蕨科|Elaphoglossum commutatum|{大葉舌蕨}|CR
Dryopteridaceae|鱗毛蕨科|Polystichum inaense|{小耳蕨}|CR
Dryopteridaceae|鱗毛蕨科|Polystichum duthiei|{杜氏耳蕨}|CR
Dryopteridaceae|鱗毛蕨科|Polystichum attenuatum|{長羽芽苞耳蕨}|CR
Hymenophyllaceae|膜蕨科|Radiogrammitis setigera|{剛毛輻禾蕨}|CR
Hymenophyllaceae|膜蕨科|Cephalomanes clathratum|{厚葉蕨}|CR
Isoetaceae|水韭科|Isoetes taiwanensis|{臺灣水韭}|CR
Lindsaeaceae|陵齒蕨科|Lindsaea securifolia var. kusukusensis|{方柄陵齒蕨}|CR
Lycopodiaceae|石松科|Huperzia cunninghamioides|{寬葉石松}|CR
Marattiaceae|觀音座蓮科|Marattia pellucida|{觀音座蓮舅}|CR
Onocleaceae|球子蕨科|Matteuccia orientalis|{東方莢果蕨}|CR
Ophioglossaceae|瓶爾小草科|Helminthostachys zeylanica|{錫蘭七指蕨}|CR
Plagiogyriaceae|瘤足蕨科|Plagiogyria koidzumii|{小泉氏瘤足蕨}|CR
Polypodiaceae|水龍骨科|Belvisia mucronata|{尖嘴蕨}|CR
Pteridaceae|鳳尾蕨科|Adiantum meishanianum|{梅山鐵線蕨}|CR
Pteridaceae|鳳尾蕨科|Pteris × wulaiensis|{烏來鳳尾蕨}|CR
Pteridaceae|鳳尾蕨科|Pteris angustipinna|{細葉鳳尾蕨}|CR
Pteridaceae|鳳尾蕨科|Adiantum capillus-junonis|{團羽鐵線蕨}|CR
Salviniaceae|槐葉蘋科|Salvinia natans|{槐葉蘋}|CR
Schizaeaceae|海金沙科|Schizaea dichotoma|{分枝莎草蕨}|CR
Selaginellaceae|卷柏科|Selaginella nipponica|{日本卷柏}|CR
Tectariaceae|三叉蕨科|Tectaria griffithii|{葛氏三叉蕨}|CR
Tectariaceae|三叉蕨科|Pteridrys cnemidaria|{長柄牙蕨,突齒蕨}|CR
Thelypteridaceae|金星蕨科|Pronephrium longipetiolatum|{長柄新月蕨}|CR
Woodsiaceae|岩蕨科|Woodsia okamotoi|{岡本氏岩蕨}|CR
Cycadaceae|蘇鐵科|Cycas taitungensis|{臺東蘇鐵}|CR
Pinaceae|松科|Keteleeria davidiana var. formosana|{臺灣油杉}|CR
Podocarpaceae|羅漢松科|Podocarpus costalis|{蘭嶼羅漢松}|CR
Annonaceae|番荔枝科|Polyalthia liukiuensis|{琉球暗羅}|CR
Annonaceae|番荔枝科|Goniothalamus amuyon|{恆春哥納香}|CR
Apiaceae|繖形科|Sium suave|{細葉零餘子}|CR
Apocynaceae|夾竹桃科|Telosma pallida|{夜香花}|CR
Asteraceae|菊科|Syneilesis intermedia|{臺灣破傘菊}|CR
Asteraceae|菊科|Echinops grijsii|{漏盧,山防風}|CR
Asteraceae|菊科|Gerbera anandria|{大丁草}|CR
Asteraceae|菊科|Dendranthema horaimontana|{蓬萊油菊}|CR
Berberidaceae|小檗科|Berberis chingshuiensis|{清水山小檗}|CR
Berberidaceae|小檗科|Berberis mingetsensis|{眠月小檗,南湖小蘗}|CR
Capparaceae|山柑科|Capparis lanceolaris|{蘭嶼山柑}|CR
Celastraceae|衛矛科|Euonymus huangii|{黃氏衛矛,玉山衛矛}|CR
Celastraceae|衛矛科|Euonymus japonicus|{日本衛矛}|CR
Convolvulaceae|旋花科|Merremia similis|{紅花姬旋花}|CR
Convolvulaceae|旋花科|Lepistemon intermedius|{光滑鮮蕊藤}|CR
Fabaceae|豆科|Vigna adenantha|{腺葯豇豆}|CR
Fabaceae|豆科|Lespedeza daurica|{大胡枝子}|CR
Fabaceae|豆科|Kummerowia stipulacea|{圓葉雞眼草}|CR
Fabaceae|豆科|Indigofera taiwaniana|{臺灣木藍}|CR
Fabaceae|豆科|Indigofera byobiensis|{貓鼻頭木藍}|CR
Fabaceae|豆科|Hylodesmum densum|{菱葉山螞蝗}|CR
Fabaceae|豆科|Mucuna gigantea subsp. tashiroi|{大血藤}|CR
Fabaceae|豆科|Millettia pulchra var. microphylla|{小葉魚藤}|CR
Fagaceae|殼斗科|Quercus aliena|{槲櫟}|CR
Fagaceae|殼斗科|Lithocarpus formosanus|{臺灣石櫟}|CR
Gentianaceae|龍膽科|Tripterospermum lilungshanensis|{里龍山肺形草}|CR
Gentianaceae|龍膽科|Gentiana tentyoensis|{厚葉龍膽}|CR
Gentianaceae|龍膽科|Lomatogonium chilaiensis|{奇萊肋柱花}|CR
Gentianaceae|龍膽科|Gentiana tarokoensis|{太魯閣龍膽}|CR
Goodeniaceae|草海桐科|Scaevola hainanensis|{海南草海桐}|CR
Lamiaceae|唇形科|Lamium amplexicaule|{寶蓋草,野芫麻,抱莖葉}|CR
Lauraceae|樟科|Neolitsea villosa|{蘭嶼新木薑子}|CR
Lauraceae|樟科|Cinnamomum kotoense|{蘭嶼肉桂}|CR
Lauraceae|樟科|Litsea garciae|{蘭嶼木薑子}|CR
Lauraceae|樟科|Dehaasia incrassata|{腰果楠}|CR
Lauraceae|樟科|Cryptocarya elliptifolia|{菲律賓厚殼桂}|CR
Lauraceae|樟科|Endiandra coriacea|{三蕊楠}|CR
Lentibulariaceae|狸藻科|Utricularia australis|{南方狸藻}|CR
Lythraceae|千屈菜科|Rotala hippuris|{水杉菜}|CR
Melastomataceae|野牡丹科|Bredia laisherana|{來社金石榴,來社布勒德}|CR
Menyanthaceae|睡菜科|Nymphoides hydrophylla|{龍骨瓣莕菜}|CR
Menyanthaceae|睡菜科|Nymphoides aurantiaca|{金蓮花,黃花莕菜}|CR
Nymphaeaceae|睡蓮科|Euryale ferox|{芡}|CR
Nymphaeaceae|睡蓮科|Nuphar shimadae|{臺灣萍蓬草,水蓮花}|CR
Oleaceae|木犀科|Chionanthus coriaceus|{厚葉李欖}|CR
Plantaginaceae|車前科|Limnophila heterophylla|{異葉石龍尾}|CR
Plantaginaceae|車前科|Veronicastrum loshanense|{羅山腹水草}|CR
Plumbaginaceae|藍雪科|Limonium wrightii|{烏芙蓉}|CR
Polygonaceae|蓼科|Polygonum maackianum|{長戟葉蓼,鹿蹄草}|CR
Primulaceae|報春花科|Lysimachia chingshuiensis|{清水山過路黃}|CR
Ranunculaceae|毛茛科|Clematis uncinata var. okinawensis|{毛果鐵線蓮}|CR
Rosaceae|薔薇科|Sanguisorba officinalis var. longifolia|{臺灣地榆}|CR
Rosaceae|薔薇科|Rubus flagelliflorus|{裂緣苞懸鉤子}|CR
Rosaceae|薔薇科|Pyrus taiwanensis|{臺灣野梨}|CR
Rosaceae|薔薇科|Osteomeles schwerinae|{華西小石積}|CR
Rosaceae|薔薇科|Pyrus calleryana|{豆梨}|CR
Rosaceae|薔薇科|Osteomeles anthyllidifolia var. subrotunda|{小石積}|CR
Rosaceae|薔薇科|Malus hupehensis|{湖北海棠}|CR
Rubiaceae|茜草科|Cephalanthus tetrandrus|{風箱樹,珠花樹}|CR
Rubiaceae|茜草科|Pavetta indica|{茜木}|CR
Rutaceae|芸香科|Phellodendron amurense var. wilsonii|{臺灣黃蘗}|CR
Sapindaceae|無患子科|Acer buergerianum var. formosanum|{臺灣三角楓}|CR
Solanaceae|茄科|Solanum luzoniense|{呂宋茄}|CR
Theaceae|茶科|Pyrenaria buisanensis|{武威山烏皮茶}|CR
Urticaceae|蕁麻科|Elatostema multicanaliculatum|{多溝樓梯草}|CR
Alismataceae|澤瀉科|Caldesia grandis|{圓葉澤瀉}|CR
Aponogetonaceae|水蕹科|Aponogeton taiwanensis|{水蕹}|CR
Araceae|天南星科|Lemna trisulca|{品藻}|CR
Asparagaceae|天門冬科|Thysanotus chinensis|{異蕊草}|CR
Burmanniaceae|水玉簪科|Thismia taiwanensis|{臺灣水玉杯}|CR
Cyperaceae|莎草科|Carex purpureotincta|{太魯閣薹}|CR
Cyperaceae|莎草科|Rhynchospora malasica|{馬來刺子莞}|CR
Dioscoreaceae|薯蕷科|Tacca leontopetaloides|{蒟蒻薯}|CR
Eriocaulaceae|穀精草科|Eriocaulon nantoense|{南投榖精草}|CR
Eriocaulaceae|穀精草科|Eriocaulon nepalense|{尼泊爾榖精草,蓮花池榖精草}|CR
Eriocaulaceae|穀精草科|Eriocaulon taishanense|{泰山縠精草}|CR
Liliaceae|百合科|Lilium speciosum var. gloriosoides|{豔紅鹿子百合}|CR
Orchidaceae|蘭科|Bulbophyllum riyanum|{白花豆蘭,非豆蘭}|CR
Orchidaceae|蘭科|Eria robusta|{細花絨蘭}|CR
Orchidaceae|蘭科|Bulbophyllum fimbriperianthium|{流蘇豆蘭}|CR
Orchidaceae|蘭科|Odontochilus elwesii|{紫葉齒唇蘭}|CR
Orchidaceae|蘭科|Spathoglottis plicata|{紫苞舌蘭,紅頭苞舌蘭,蘭嶼紫蘭}|CR
Orchidaceae|蘭科|Eulophia dentata|{紫芋蘭,臺灣芋蘭}|CR
Orchidaceae|蘭科|Vanda lamellata|{雅美萬代蘭}|CR
Orchidaceae|蘭科|Gastrochilus hoii|{何氏松蘭}|CR
Orchidaceae|蘭科|Lecanorchis virella|{綠皿蘭}|CR
Orchidaceae|蘭科|Arundina graminifolia|{葦草蘭,鳥仔花}|CR
Orchidaceae|蘭科|Listera pseudonipponica|{假日本雙葉蘭,裂唇雙葉蘭}|CR
Orchidaceae|蘭科|Eria javanica|{大葉絨蘭}|CR
Orchidaceae|蘭科|Dendrobium crumenatum|{鴿石斛,木斛}|CR
Orchidaceae|蘭科|Amitostigma gracile|{小雛蘭,龍爪蘭,細花腎葯蘭}|CR
Orchidaceae|蘭科|Bulbophyllum rubrolabellum|{紅心豆蘭}|CR
Orchidaceae|蘭科|Phalaenopsis equestris|{粉紅蝴蝶蘭,小蘭嶼蝴蝶蘭,桃紅蝴蝶蘭}|CR
Orchidaceae|蘭科|Pachystoma pubescens|{粉口蘭,臺灣粉口蘭}|CR
Orchidaceae|蘭科|Cymbidium sinense|{報歲蘭,白花報歲蘭,拜歲蘭}|CR
Orchidaceae|蘭科|Luisia cordata|{心唇金釵蘭,安朔金釵蘭}|CR
Orchidaceae|蘭科|Yoania amagiensis var. squamipes|{密鱗長花柄蘭}|CR
Orchidaceae|蘭科|Calanthe alpina|{羽唇根節蘭}|CR
Orchidaceae|蘭科|Phreatia caulescens|{垂莖芙樂蘭}|CR
Orchidaceae|蘭科|Phalaenopsis aphrodite|{白蝴蝶蘭,臺灣蝴蝶蘭,蝴蝶蘭}|CR
Orchidaceae|蘭科|Liparis amabilis|{白花羊耳蒜,白花羊耳蘭}|CR
Orchidaceae|蘭科|Agrostophyllum inocephalum|{臺灣禾葉蘭,無頭千歲蘭,無頭千葉蘭}|CR
Orchidaceae|蘭科|Corybas puniceus|{豔紫盔蘭}|CR
Orchidaceae|蘭科|Gastrodia fontinalis|{春赤箭}|CR
Orchidaceae|蘭科|Zeuxine philippinensis|{菲律賓線柱蘭}|CR
Orchidaceae|蘭科|Dendrobium linawianum|{櫻石斛,金石斛,白花石斛}|CR
Orchidaceae|蘭科|Cypripedium segawai|{寶島喜普鞋蘭,黃花老虎七}|CR
Orchidaceae|蘭科|Flickingeria tairukounia|{輻射暫花蘭,尖葉暫花蘭}|CR
Orchidaceae|蘭科|Eulophia pelorica|{輻射芋蘭}|CR
Orchidaceae|蘭科|Epipogium japonicum|{日本上鬚蘭}|CR
Orchidaceae|蘭科|Corybas himalaicus|{喜馬拉雅盔蘭}|CR
Orchidaceae|蘭科|Cheirostylis tortilacinia|{和社指柱蘭}|CR
Orchidaceae|蘭科|Epipogium aphyllum|{無葉上鬚蘭}|CR
Orchidaceae|蘭科|Brachycorythis galeandra|{寬唇苞葉蘭,穗花捲瓣蘭,寬唇角距蘭}|CR
Orchidaceae|蘭科|Dendrobium luzonense|{呂宋石槲}|CR
Orchidaceae|蘭科|Nervilia cumberlegei|{古氏脈葉蘭}|CR
Poaceae|禾本科|Tripogon chinensis|{中華草沙蠶}|CR
Poaceae|禾本科|Oryzopsis obtusa|{純頭落芒草}|CR
Poaceae|禾本科|Festuca parvigluma|{小穎羊茅}|CR
Poaceae|禾本科|Isachne dispar|{異花柳葉箬}|CR
Poaceae|禾本科|Dimeria ornithopoda|{觿茅}|CR
Poaceae|禾本科|Aristida chinensis|{華三芒草}|CR
Poaceae|禾本科|Eulalia speciosa|{金茅}|CR
Poaceae|禾本科|Panicum curviflorum var. suishaense|{水社黍}|CR
Poaceae|禾本科|Eragrostis nevinii|{尼氏畫眉草}|CR
Poaceae|禾本科|Eragrostis pilosissima|{多毛知風草}|CR
Poaceae|禾本科|Eulaliopsis binata|{擬金茅}|CR
Poaceae|禾本科|Themeda caudata|{苞子草}|CR
Poaceae|禾本科|Eragrostis cylindrica|{短穗畫眉草}|CR
Poaceae|禾本科|Chikusichloa mutica|{無芒山澗草}|CR
Poaceae|禾本科|Eulalia quadrinervis|{四脈金茅}|CR
Poaceae|禾本科|Leptaspis formosana|{囊桴竹}|CR
Potamogetonaceae|眼子菜科|Potamogeton cristatus|{冠果眼子菜}|CR
Smilacaceae|菝葜科|Smilax nipponica|{日本菝葜,日本山馬薯,七星牛尾菜}|CR
Xyridaceae|蔥草科|Xyris formosana|{桃園草,黃芴}|CR
Athyriaceae|蹄蓋蕨科|Diplazium chinense|{華雙蓋蕨}|EN
Athyriaceae|蹄蓋蕨科|Diplazium incomptum|{翅柄雙蓋蕨}|EN
Athyriaceae|蹄蓋蕨科|Athyrium palustre|{沼生蹄蓋蕨}|EN
Davalliaceae|骨碎補科|Humata pectinata|{馬來陰石蕨}|EN
Dryopteridaceae|鱗毛蕨科|Polystichum chunii|{陳氏耳蕨}|EN
Dryopteridaceae|鱗毛蕨科|Polystichum neolobatum|{硬葉耳蕨}|EN
Dryopteridaceae|鱗毛蕨科|Polystichum xiphophyllum|{關山耳蕨}|EN
Dryopteridaceae|鱗毛蕨科|Dryopteris toyamae|{外山氏鱗毛蕨}|EN
Dryopteridaceae|鱗毛蕨科|Cyrtomium macrophyllum var. acuminatum|{尖葉貫眾蕨}|EN
Dryopteridaceae|鱗毛蕨科|Polystichum tenuius|{離脈柳葉蕨}|EN
Hymenophyllaceae|膜蕨科|Microgonium bimarginatum|{叉脈單葉假脈蕨}|EN
Marattiaceae|觀音座蓮科|Archangiopteris somai|{臺灣原始觀音座蓮}|EN
Ophioglossaceae|瓶爾小草科|Botrychium ternatum|{大陰地蕨,大羽陰地蕨}|EN
Polypodiaceae|水龍骨科|Grammitis alepidota|{無鱗禾葉蕨}|EN
Polypodiaceae|水龍骨科|Ctenopteris merrittii|{擬虎尾蒿蕨}|EN
Polypodiaceae|水龍骨科|Ctenopteris mollicoma|{南洋蒿蕨}|EN
Polypodiaceae|水龍骨科|Microsorum steerei|{廣葉星蕨}|EN
Polypodiaceae|水龍骨科|Prosaptia nutans|{俯垂穴子蕨}|EN
Polypodiaceae|水龍骨科|Loxogramme biformis|{二型劍蕨}|EN
Pteridaceae|鳳尾蕨科|Pteris venusta|{爪哇鳳尾蕨}|EN
Pteridaceae|鳳尾蕨科|Adiantum monochlamys|{石長生}|EN
Pteridaceae|鳳尾蕨科|Gymnopteris vestita|{金毛裸蕨}|EN
Selaginellaceae|卷柏科|Selaginella lutchuensis|{琉球卷柏}|EN
Thelypteridaceae|金星蕨科|Thelypteris ornata|{刺柄金星蕨}|EN
Thelypteridaceae|金星蕨科|Leptogramma pozoi|{非洲茯蕨}|EN
Thelypteridaceae|金星蕨科|Stegnogramma dictyoclinoides|{溪邊蕨}|EN
Woodsiaceae|岩蕨科|Athyrium minimum|{七星山蹄蓋蕨}|EN
Cupressaceae|柏科|Taiwania cryptomerioides|{臺灣杉}|EN
Podocarpaceae|羅漢松科|Podocarpus macrophyllus|{大葉羅漢松}|EN
Podocarpaceae|羅漢松科|Nageia nagi|{竹柏}|EN
Podocarpaceae|羅漢松科|Podocarpus nakaii|{桃實百日青,百日青}|EN
Taxaceae|紅豆杉科|Taxus sumatrana|{南洋紅豆杉}|EN
Taxaceae|紅豆杉科|Amentotaxus formosana|{臺灣穗花杉}|EN
Acanthaceae|爵床科|Lepidagathis secunda|{小琉球鱗球花}|EN
Acanthaceae|爵床科|Hygrophila polysperma|{小獅子草}|EN
Acanthaceae|爵床科|Hygrophila pogonocalyx|{大安水蓑衣}|EN
Anacardiaceae|漆樹科|Semecarpus cuneiformis|{鈍葉大果漆}|EN
Apiaceae|繖形科|Bupleurum kaoi|{高氏柴胡}|EN
Apiaceae|繖形科|Chaerophyllum nanhuense|{南湖山薰香}|EN
Apiaceae|繖形科|Angelica tarokoensis|{太魯閣當歸}|EN
Apocynaceae|夾竹桃科|Cynanchum atratum|{牛皮消,白薇}|EN
Araliaceae|五加科|Dendropanax trifidus|{三菱果樹參}|EN
Asteraceae|菊科|Cotula hemisphaerica|{山芫荽}|EN
Asteraceae|菊科|Cirsium lineare|{華薊}|EN
Asteraceae|菊科|Pertya simozawai|{半高野帚}|EN
Asteraceae|菊科|Senecio kuanshanensis|{關山千里光}|EN
Asteraceae|菊科|Parasenecio nokoensis|{能高蟹甲草}|EN
Asteraceae|菊科|Senecio tarokoensis|{太魯閣千里光}|EN
Asteraceae|菊科|Aster ovalifolius|{臺灣紺菊,卵形紫菀}|EN
Asteraceae|菊科|Epaltes australis|{鵝不食草}|EN
Asteraceae|菊科|Conyza aegyptiaca|{埃及假蓬}|EN
Asteraceae|菊科|Lagenophora lanata|{瓶頭草}|EN
Asteraceae|菊科|Aster morrisonensis|{玉山鐵桿蒿,玉山紫菀}|EN
Asteraceae|菊科|Dendranthema lavandulifolium var. tomentellum|{新竹油菊}|EN
Asteraceae|菊科|Aster altaicus|{臺東鐵桿蒿}|EN
Asteraceae|菊科|Aster chingshuiensis|{清水馬蘭}|EN
Asteraceae|菊科|Aster taoyuenensis|{桃園馬蘭}|EN
Asteraceae|菊科|Taraxacum formosanum|{臺灣蒲公英}|EN
Begoniaceae|秋海棠科|Begonia bouffordii|{九九峰秋海棠}|EN
Berberidaceae|小檗科|Berberis tarokoensis|{太魯閣小檗}|EN
Boraginaceae|紫草科|Coldenia procumbens|{臥莖同籬生果草}|EN
Boraginaceae|紫草科|Cordia aspera subsp. kanehirai|{金平氏破布子}|EN
Brassicaceae|十字花科|Draba sekiyana|{臺灣山薺}|EN
Brassicaceae|十字花科|Arabis gemmifera|{葉芽筷子芥}|EN
Brassicaceae|十字花科|Arabis stelleri var. japonica|{基隆筷子芥}|EN
Calophyllaceae|紅厚殼科|Calophyllum blancoi|{蘭嶼胡桐}|EN
Capparaceae|山柑科|Capparis pubiflora|{毛花山柑}|EN
Cardiopteridaceae|心翼果科|Gonocaryum calleryanum|{柿葉茶茱萸}|EN
Caryophyllaceae|石竹科|Silene fortunei var. kiruninsularis|{基隆蠅子草}|EN
Celastraceae|衛矛科|Euonymus pallidifolius|{淡綠葉衛矛}|EN
Clusiaceae|藤黃科|Garcinia subelliptica|{菲島福木}|EN
Convolvulaceae|旋花科|Ipomoea sumatrana|{蘇門答臘牽牛}|EN
Convolvulaceae|旋花科|Merremia vitifolia|{掌葉菜欒藤}|EN
Crassulaceae|景天科|Sedum nokoense|{能高佛甲草}|EN
Droseraceae|茅膏菜科|Drosera indica|{長葉茅膏菜}|EN
Ebenaceae|柿樹科|Diospyros kotoensis|{蘭嶼柿}|EN
Elaeagnaceae|胡頹子科|Elaeagnus ohashii|{蓬萊胡頹子,大橋胡頹子}|EN
Euphorbiaceae|大戟科|Euphorbia tarokoensis|{太魯閣大戟}|EN
Euphorbiaceae|大戟科|Euphorbia shouanensis|{霞山大戟}|EN
Fabaceae|豆科|Albizia retusa|{蘭嶼合歡}|EN
Fabaceae|豆科|Entada phaseoloides|{榼藤子,鴨腱藤}|EN
Fabaceae|豆科|Desmodium renifolium|{腎葉山螞蝗}|EN
Fabaceae|豆科|Astragalus nankotaizanensis|{南湖大山紫雲英}|EN
Fabaceae|豆科|Indigofera pedicellata|{長梗木藍}|EN
Fabaceae|豆科|Indigofera ramulosissima|{太魯閣木藍}|EN
Fabaceae|豆科|Derris canarensis|{蘭嶼魚藤}|EN
Fabaceae|豆科|Apios taiwanianus|{臺灣土圞兒}|EN
Fabaceae|豆科|Crotalaria similis|{鵝鑾鼻野百合}|EN
Fabaceae|豆科|Dunbaria merrillii|{麥氏野扁豆}|EN
Fagaceae|殼斗科|Quercus glandulifera var. brevipetiolata|{思茅櫧櫟,青栲櫟,短柄枹櫟}|EN
Fagaceae|殼斗科|Lithocarpus chiaratuangensis|{加拉段柯}|EN
Fagaceae|殼斗科|Castanopsis eyrei|{反刺苦櫧}|EN
Fagaceae|殼斗科|Quercus dentata|{槲樹}|EN
Fagaceae|殼斗科|Lithocarpus shinsuiensis|{浸水營石櫟}|EN
Gentianaceae|龍膽科|Swertia changii|{大漢山當藥}|EN
Gentianaceae|龍膽科|Gentiana horaimontana|{高山龍膽}|EN
Gesneriaceae|苦苣苔科|Epithema taiwanense|{臺灣苣苔}|EN
Gesneriaceae|苦苣苔科|Lysionotus pauciflorus var. ikedae|{蘭嶼吊石苣苔}|EN
Hamamelidaceae|金縷梅科|Distyliopsis dunnii|{尖葉水絲梨}|EN
Hamamelidaceae|金縷梅科|Corylopsis stenopetala|{臺灣瑞木}|EN
Lamiaceae|唇形科|Pogostemon stellatus|{水虎尾}|EN
Lamiaceae|唇形科|Salvia tashiroi|{田代氏鼠尾草}|EN
Lamiaceae|唇形科|Lycopus lucidus|{地筍}|EN
Lauraceae|樟科|Cinnamomum austrosinense|{牡丹葉桂皮}|EN
Lauraceae|樟科|Cinnamomum kanehirae|{牛樟}|EN
Lauraceae|樟科|Neolitsea sericea var. aurata|{金新木薑子}|EN
Lentibulariaceae|狸藻科|Utricularia aurea|{黃花狸藻,黃花挖耳草}|EN
Lentibulariaceae|狸藻科|Utricularia bifida|{挖耳草}|EN
Linderniaceae|母草科|Lindernia scutellariiformis|{臺南見風紅}|EN
Linderniaceae|母草科|Lindernia viscosa|{屏東見風紅}|EN
Loganiaceae|馬錢科|Gardneria nutans|{垂花蓬萊葛}|EN
Malpighiaceae|黃褥花科|Tristellateia australasiae|{三星果藤}|EN
Malvaceae|錦葵科|Thespesia populnea|{繖楊}|EN
Malvaceae|錦葵科|Berrya ammonilla|{六翅木}|EN
Malvaceae|錦葵科|Hibiscus surattensis|{刺芙蓉}|EN
Malvaceae|錦葵科|Heritiera littoralis|{銀葉樹}|EN
Melastomataceae|野牡丹科|Memecylon pendulum|{垂枝羊角扭}|EN
Melastomataceae|野牡丹科|Osbeckia opipara|{闊葉金錦香}|EN
Melastomataceae|野牡丹科|Medinilla hayataina|{蘭嶼野牡丹藤}|EN
Melastomataceae|野牡丹科|Sonerila tenera|{三蕊草}|EN
Menispermaceae|防己科|Tinospora dentata|{恆春青牛膽}|EN
Menispermaceae|防己科|Sinomenium acutum|{漢防己}|EN
Menyanthaceae|睡菜科|Nymphoides indica|{金銀蓮花}|EN
Mitrastemonaceae|奴草科|Mitrastemon kanehirai|{菱形奴草}|EN
Myricaceae|楊梅科|Myrica adenophora|{青楊梅}|EN
Myristicaceae|肉豆蔻科|Myristica elliptica var. simiarum|{紅頭肉豆蔻}|EN
Olacaceae|鐵青樹科|Olax imbricata|{菲律賓鐵青樹}|EN
Oleaceae|木犀科|Chionanthus retusus|{流蘇樹}|EN
Orobanchaceae|列當科|Striga lutea|{獨腳金}|EN
Orobanchaceae|列當科|Striga masuria|{高雄獨腳金}|EN
Orobanchaceae|列當科|Siphonostegia chinensis|{陰行草}|EN
Orobanchaceae|列當科|Centranthera cochinchinensis|{胡麻草}|EN
Paulowniaceae|泡桐科|Paulownia fortunei|{泡桐,南投梧桐}|EN
Pentaphylacaceae|五列木科|Eurya rengechiensis|{蓮華池柃木}|EN
Plantaginaceae|車前科|Limnophila trichophylla|{石龍尾,菊藻}|EN
Plantaginaceae|車前科|Limnophila sessiliflora|{無柄花石龍尾}|EN
Plantaginaceae|車前科|Veronicastrum kitamurae|{高山腹水草}|EN
Plantaginaceae|車前科|Veronicastrum formosanum|{臺灣腹水草}|EN
Polygalaceae|遠志科|Salomonia oblongifolia|{齒果草}|EN
Primulaceae|報春花科|Stimpsonia chamaedryoides|{施丁草}|EN
Ranunculaceae|毛茛科|Ranunculus nankotaizanus|{南湖毛茛}|EN
Ranunculaceae|毛茛科|Calathodes polycarpa|{多果雞爪草}|EN
Ranunculaceae|毛茛科|Ranunculus morii|{森氏毛茛,長柄毛茛}|EN
Rhamnaceae|鼠李科|Rhamnus chingshuiensis|{清水鼠李}|EN
Rhamnaceae|鼠李科|Berchemia fenchifuensis|{奮起湖黃鱔藤}|EN
Rhamnaceae|鼠李科|Colubrina asiatica|{亞洲濱棗}|EN
Rhamnaceae|鼠李科|Paliurus ramosissimus|{馬甲子}|EN
Rosaceae|薔薇科|Aria alnifolia|{赤楊葉梨}|EN
Rosaceae|薔薇科|Potentilla tugitakensis|{雪山翻白草}|EN
Rosaceae|薔薇科|Prunus grisea|{蘭嶼野櫻花}|EN
Rosaceae|薔薇科|Rosa laevigata|{金櫻子}|EN
Rosaceae|薔薇科|Rubus sumatranus|{紅腺懸鉤子,腺萼懸鉤子}|EN
Rosaceae|薔薇科|Potentilla nipponica|{日本翻白草}|EN
Rosaceae|薔薇科|Prunus obtusata|{臺灣稠李}|EN
Rosaceae|薔薇科|Potentilla chinensis|{委陵菜}|EN
Rubiaceae|茜草科|Galium nankotaizanum|{南湖大山豬殃殃}|EN
Rubiaceae|茜草科|Ixora philippinensis|{小仙丹花}|EN
Rubiaceae|茜草科|Galium tarokoense|{太魯閣豬殃殃}|EN
Rubiaceae|茜草科|Lasianthus chinensis|{白果雞屎樹}|EN
Rubiaceae|茜草科|Lasianthus obliquinervis var. simizui|{清水氏雞屎樹}|EN
Rubiaceae|茜草科|Theligonum formosanum|{臺灣纖花草}|EN
Rutaceae|芸香科|Zanthoxylum wutaiense|{屏東花椒}|EN
Rutaceae|芸香科|Murraya crenulata|{蘭嶼月橘}|EN
Rutaceae|芸香科|Zanthoxylum pistaciiflorum|{三葉花椒}|EN
Rutaceae|芸香科|Zanthoxylum simulans|{刺花椒}|EN
Salicaceae|楊柳科|Salix kusanoi|{水社柳}|EN
Salicaceae|楊柳科|Salix okamotoana|{關山嶺柳}|EN
Sapotaceae|山欖科|Planchonella duclitan|{蘭嶼山欖}|EN
Scrophulariaceae|玄參科|Myoporum bontioides|{苦藍盤}|EN
Solanaceae|茄科|Physaliastrum chamaesarachoides|{林氏燈籠草,廣西地海椒}|EN
Symplocaceae|灰木科|Symplocos koshunensis|{恆春灰木}|EN
Urticaceae|蕁麻科|Poikilospermum acuminatum|{錐頭麻}|EN
Urticaceae|蕁麻科|Boehmeria longispica|{長穗苧麻,小苧麻}|EN
Amaryllidaceae|石蒜科|Lycoris aurea|{龍爪花}|EN
Araceae|天南星科|Amorphophallus paeoniifolius|{疣柄魔芋,雷公統,巨花蒟蒻}|EN
Arecaceae|棕櫚科|Pinanga tashiroi|{山檳榔}|EN
Burmanniaceae|水玉簪科|Gymnosiphon aphyllus|{小水玉簪}|EN
Burmanniaceae|水玉簪科|Burmannia championii|{頭花水玉簪}|EN
Cyperaceae|莎草科|Cladium jamaicense|{克拉莎}|EN
Cyperaceae|莎草科|Scleria biflora|{二花珍珠茅}|EN
Cyperaceae|莎草科|Scleria lithosperma|{石果珍珠茅}|EN
Cyperaceae|莎草科|Carex manca subsp. takasagoana|{夢佳宿柱薹}|EN
Cyperaceae|莎草科|Carex scaposa|{花葶薹草}|EN
Cyperaceae|莎草科|Scleria rugosa|{皺果珍珠茅}|EN
Cyperaceae|莎草科|Bolboschoenus planiculmis|{扁稈藨草}|EN
Cyperaceae|莎草科|Carex capillacea|{單穗薹}|EN
Cyperaceae|莎草科|Rhynchospora alba|{白穗刺子莞,新竹莞}|EN
Iridaceae|鳶尾科|Belamcanda chinensis var. taiwanensis|{臺灣射干}|EN
Orchidaceae|蘭科|Thrixspermum eximium|{異色風蘭,異色瓣}|EN
Orchidaceae|蘭科|Cymbidium cochleare|{香莎草蘭}|EN
Orchidaceae|蘭科|Bulbophyllum ciliisepalum|{毛緣萼豆蘭}|EN
Orchidaceae|蘭科|Bulbophyllum taiwanense|{臺灣捲瓣蘭}|EN
Orchidaceae|蘭科|Bulbophyllum electrinum var. sui|{長軸捲瓣蘭,毛萼捲瓣蘭}|EN
Orchidaceae|蘭科|Cypripedium formosanum|{臺灣喜普鞋蘭,日本喜普鞋蘭,臺灣袋唇蘭}|EN
Orchidaceae|蘭科|Thrixspermum merguense|{高士佛風蘭,高士佛風鈴蘭}|EN
Orchidaceae|蘭科|Collabium chinense|{柯麗白蘭}|EN
Orchidaceae|蘭科|Bulbophyllum chitouense|{溪頭豆蘭}|EN
Orchidaceae|蘭科|Oberonia seidenfadenii|{密花小騎士蘭}|EN
Orchidaceae|蘭科|Cleisostoma uraiense|{烏來閉口蘭,綠花隔距蘭,烏來蜈蚣蘭}|EN
Orchidaceae|蘭科|Gastrodia appendiculata|{無蕊喙赤箭}|EN
Orchidaceae|蘭科|Dendrobium equitans|{燕子石斛,燕石斛}|EN
Orchidaceae|蘭科|Gastrodia javanica|{爪哇赤箭,黃赤箭,蘭嶼赤箭}|EN
Orchidaceae|蘭科|Oreorchis indica|{印度山蘭}|EN
Orchidaceae|蘭科|Yoania japonica|{長花柄蘭,密鱗姚氏蘭}|EN
Orchidaceae|蘭科|Corybas sinii|{辛氏盔蘭}|EN
Orchidaceae|蘭科|Thelasis pygmaea|{閉花八粉蘭,矮柱蘭,隱封八粉蘭}|EN
Orchidaceae|蘭科|Goodyera repens|{南投斑葉蘭,袖珍斑葉蘭}|EN
Orchidaceae|蘭科|Thrixspermum annamense|{白毛風蘭,鉤唇風鈴蘭}|EN
Orchidaceae|蘭科|Listera meifongensis|{梅峰雙葉蘭}|EN
Orchidaceae|蘭科|Oberonia segawae|{齒唇莪白蘭}|EN
Orchidaceae|蘭科|Bulbophyllum kuanwuensis|{觀霧豆蘭}|EN
Orchidaceae|蘭科|Disperis siamensis|{雙袋蘭,蘭嶼草蘭,遠東雙袋蘭}|EN
Orchidaceae|蘭科|Liparis campylostalix|{彎柱羊耳蒜,彎柱羊耳蘭}|EN
Orchidaceae|蘭科|Gastrodia elata|{高赤箭}|EN
Orchidaceae|蘭科|Corymborkis veratrifolia|{管花蘭}|EN
Orchidaceae|蘭科|Liparis wrayii|{鬚唇羊耳蒜}|EN
Orchidaceae|蘭科|Oberonia rosea|{裂瓣莪白蘭,劍葉莪白蘭}|EN
Orchidaceae|蘭科|Phaius takeoi|{粗莖鶴頂蘭}|EN
Orchidaceae|蘭科|Corybas taiwanensis|{紅盔蘭}|EN
Orchidaceae|蘭科|Dendrobium furcatopedicellatum|{雙花石斛}|EN
Orchidaceae|蘭科|Lecanorchis thalassica|{紋皿柱蘭}|EN
Orchidaceae|蘭科|Goodyera biflora|{大花斑葉蘭,長花斑葉蘭}|EN
Orchidaceae|蘭科|Bulbophyllum wightii|{大花豆蘭}|EN
Orchidaceae|蘭科|Oberonia gigantea|{大莪白蘭}|EN
Orchidaceae|蘭科|Lecanorchis triloba|{三裂皿蘭}|EN
Orchidaceae|蘭科|Pogonia minor|{小鬚唇蘭}|EN
Orchidaceae|蘭科|Liparis japonica|{長穗羊耳蒜,長穗羊耳蘭}|EN
Orchidaceae|蘭科|Bulbophyllum tokioi|{小葉豆蘭}|EN
Orchidaceae|蘭科|Liparis caespitosa|{小花羊耳蒜,小花羊耳蘭,桂林羊耳蘭}|EN
Orchidaceae|蘭科|Stereosandra javanica|{肉葯蘭}|EN
Orchidaceae|蘭科|Peristylus gracilis|{纖細闊蕊蘭}|EN
Orchidaceae|蘭科|Listera kuanshanensis|{關山雙葉蘭}|EN
Orchidaceae|蘭科|Cyrtosia javanica|{肉果蘭}|EN
Orchidaceae|蘭科|Saccolabiopsis taiwaniana|{臺灣擬囊唇蘭}|EN
Orchidaceae|蘭科|Cypripedium macranthos|{奇萊喜普鞋蘭}|EN
Orchidaceae|蘭科|Liparis somae|{高士佛羊耳蒜,高士佛羊耳蘭}|EN
Orchidaceae|蘭科|Erythrodes triantherae|{三葯細筆蘭}|EN
Poaceae|禾本科|Eriochloa villosa|{野黍}|EN
Poaceae|禾本科|Eulalia leschenaultiana|{細稈金茅}|EN
Poaceae|禾本科|Hymenachne pseudointerrupta|{膜稃草}|EN
Poaceae|禾本科|Eragrostis unioloides|{牛虱草}|EN
Poaceae|禾本科|Phaenosperma globosum|{顯子草}|EN
Poaceae|禾本科|Festuca japonica|{日本羊茅}|EN
Poaceae|禾本科|Pseudoraphis spinescens|{大偽針茅}|EN
Poaceae|禾本科|Digitaria heterantha|{粗穗馬唐}|EN
Poaceae|禾本科|Panicum luzonense|{綱脈稷}|EN
Poaceae|禾本科|Agrostis dimorpholemma|{多形翦股穎}|EN
Poaceae|禾本科|Alloteropsis semialata|{毛穎草}|EN
Potamogetonaceae|眼子菜科|Potamogeton maackianus|{馬克眼子菜,微齒眼子菜}|EN
Smilacaceae|菝葜科|Smilax luei|{呂氏菝葜}|EN
Triuridaceae|霉草科|Sciaphila maculata|{斑點霉草}|EN
Triuridaceae|霉草科|Sciaphila secundiflora|{錫蘭霉草}|EN
Triuridaceae|霉草科|Sciaphila ramosa|{多枝霉草,蘭嶼霉草}|EN
Triuridaceae|霉草科|Sciaphila arfakiana|{蘭嶼霉草}|EN
Zingiberaceae|薑科|Zingiber oligophyllum|{少葉薑}|EN
Aspleniaceae|鐵角蕨科|Asplenium scolopendrium|{對開蕨}|VU
Aspleniaceae|鐵角蕨科|Asplenium ruta-muraria|{銀杏葉鐵角蕨}|VU
Athyriaceae|蹄蓋蕨科|Diplazium crassiusculum|{厚葉雙蓋蕨}|VU
Athyriaceae|蹄蓋蕨科|Diplazium megaphyllum|{大葉雙蓋蕨,霧社雙蓋蕨}|VU
Blechnaceae|烏毛蕨科|Woodwardia kempii|{細葉狗脊蕨}|VU
Blechnaceae|烏毛蕨科|Struthiopteris eburnea var. obtusa|{天長羅曼蕨}|VU
Blechnaceae|烏毛蕨科|Brainea insignis|{蘇鐵蕨}|VU
Cyatheaceae|桫欏科|Cyathea fenicis|{蘭嶼筆筒樹}|VU
Dryopteridaceae|鱗毛蕨科|Ctenitis maximowicziana|{白鱗肋毛蕨}|VU
Dryopteridaceae|鱗毛蕨科|Polystichum obliquum|{知本耳蕨}|VU
Dryopteridaceae|鱗毛蕨科|Elaphoglossum luzonicum|{臺灣舌蕨,呂宋舌蕨}|VU
Dryopteridaceae|鱗毛蕨科|Cyrtogonellum fraxinellum|{柳葉蕨}|VU
Dryopteridaceae|鱗毛蕨科|Dryopteris decipiens|{迷人鱗毛蕨}|VU
Dryopteridaceae|鱗毛蕨科|Dryopteris lacera|{二型鱗毛蕨}|VU
Dryopteridaceae|鱗毛蕨科|Diacalpe aspidioides|{紅線蕨}|VU
Dryopteridaceae|鱗毛蕨科|Bolbitis scalpturata|{紅柄實蕨}|VU
Dryopteridaceae|鱗毛蕨科|Dryopteris championii|{闊鱗鱗毛蕨}|VU
Dryopteridaceae|鱗毛蕨科|Cyrtomium taiwanianum|{臺灣貫眾蕨}|VU
Dryopteridaceae|鱗毛蕨科|Elaphoglossum callifolium|{銳頭舌蕨}|VU
Hymenophyllaceae|膜蕨科|Crepidomanes grande|{大球稈毛蕨}|VU
Hymenophyllaceae|膜蕨科|Pleuromanes pallidum|{毛葉蕨}|VU
Hymenophyllaceae|膜蕨科|Hymenophyllum fimbriatum|{叢葉蕗蕨}|VU
Hymenophyllaceae|膜蕨科|Hymenophyllum blandum|{爪哇厚壁蕨}|VU
Hymenophyllaceae|膜蕨科|Nesopteris thysanostoma|{球桿毛蕨}|VU
Lindsaeaceae|陵齒蕨科|Tapeinidium pinnatum var. biserratum|{二羽達邊蕨}|VU
Lindsaeaceae|陵齒蕨科|Lindsaea cultrata|{網脈陵齒蕨}|VU
Lycopodiaceae|石松科|Lycopodium annotinum|{杉葉蔓石松}|VU
Lygodiaceae|海金沙科|Lygodium microphyllum|{小葉海金沙}|VU
Marattiaceae|觀音座蓮科|Angiopteris palmiformis|{蘭嶼觀音座蓮}|VU
Ophioglossaceae|瓶爾小草科|Botrychium lanuginosum|{阿里山蕨萁}|VU
Osmundaceae|紫萁科|Osmunda cinnamomea|{假紫萁,分株假紫萁}|VU
Osmundaceae|紫萁科|Osmunda claytoniana|{絨假紫萁,臺灣絨假紫萁}|VU
Plagiogyriaceae|瘤足蕨科|Plagiogyria japonica|{華東瘤足蕨}|VU
Polypodiaceae|水龍骨科|Grammitis adspersa|{無毛禾蒿蕨}|VU
Polypodiaceae|水龍骨科|Saxiglossum angustissimum|{石蕨,捲葉蕨}|VU
Polypodiaceae|水龍骨科|Scleroglossum pusillum|{革舌蕨}|VU
Polypodiaceae|水龍骨科|Calymmodon cucullatus|{姬荷包蕨}|VU
Polypodiaceae|水龍骨科|Crypsinus taeniatus var. palmatus|{掌葉茀蕨}|VU
Polypodiaceae|水龍骨科|Phymatosorus nigrescens|{薄葉擬茀蕨}|VU
Polypodiaceae|水龍骨科|Polypodium microrhizoma|{栗柄水龍骨}|VU
Polypodiaceae|水龍骨科|Ctenopteris tenuisecta|{細葉蒿蕨}|VU
Pteridaceae|鳳尾蕨科|Adiantum soboliferum|{翅柄鐵線蕨}|VU
Pteridaceae|鳳尾蕨科|Hemionitis arifolia|{澤瀉蕨}|VU
Pteridaceae|鳳尾蕨科|Antrophyum parvulum|{無柄車前蕨}|VU
Pteridaceae|鳳尾蕨科|Vittaria mediosora|{細葉書帶蕨}|VU
Pteridaceae|鳳尾蕨科|Adiantum roborowskii var. taiwanianum|{臺灣高山鐵線蕨}|VU
Pteridaceae|鳳尾蕨科|Adiantum formosanum|{深山鐵線蕨}|VU
Pteridaceae|鳳尾蕨科|Acrostichum aureum|{鹵蕨}|VU
Pteridaceae|鳳尾蕨科|Adiantum myriosorum|{灰背鐵線蕨}|VU
Schizaeaceae|海金沙科|Schizaea digitata|{莎草蕨}|VU
Selaginellaceae|卷柏科|Selaginella ciliaris|{緣毛卷柏}|VU
Tectariaceae|三叉蕨科|Tectaria fauriei|{傅氏三叉蕨}|VU
Woodsiaceae|岩蕨科|Athyrium unifurcatum|{擬大蹄蓋蕨}|VU
Woodsiaceae|岩蕨科|Athyrium puncticaule|{密腺蹄蓋蕨}|VU
Woodsiaceae|岩蕨科|Athyrium auriculatum|{耳垂蹄蓋蕨}|VU
Cupressaceae|柏科|Calocedrus macrolepis var. formosana|{臺灣肖楠}|VU
Cupressaceae|柏科|Cunninghamia lanceolata var. konishii|{巒大杉}|VU
Cupressaceae|柏科|Juniperus chinensis var. taiwanensis|{清水圓柏}|VU
Podocarpaceae|羅漢松科|Podocarpus fasciculus|{叢花百日青}|VU
Podocarpaceae|羅漢松科|Podocarpus macrophyllus var. maki|{小葉羅漢松}|VU
Taxaceae|紅豆杉科|Cephalotaxus wilsoniana|{臺灣粗榧}|VU
Acanthaceae|爵床科|Justicia quadrifaria|{花蓮爵床}|VU
Acanthaceae|爵床科|Justicia procumbens var. hayatae|{早田氏爵床}|VU
Acanthaceae|爵床科|Justicia procumbens var. linearifolia|{狹葉爵床}|VU
Acanthaceae|爵床科|Justicia procumbens var. hirsuta|{密毛爵床,澎湖爵床}|VU
Acanthaceae|爵床科|Kudoacanthus albonervosa|{銀脈爵床}|VU
Acanthaceae|爵床科|Hemigraphis primulifolia|{恆春半插花}|VU
Acanthaceae|爵床科|Hemigraphis reptans|{匍匐半插花}|VU
Acanthaceae|爵床科|Staurogyne debilis|{菲律賓哈哼花}|VU
Acanthaceae|爵床科|Asystasiella neesiana|{尼氏擬馬偕花}|VU
Acanthaceae|爵床科|Hemigraphis cumingiana|{直立半插花}|VU
Actinidiaceae|獼猴桃科|Actinidia arguta|{軟棗獼猴桃}|VU
Actinidiaceae|獼猴桃科|Actinidia rufa|{腺齒獼猴桃}|VU
Amaranthaceae|莧科|Philoxerus wrightii|{安旱草}|VU
Anacardiaceae|漆樹科|Rhus hypoleuca|{裏白漆}|VU
Apiaceae|繖形科|Chaerophyllum taiwanianum|{臺灣山薰香}|VU
Apiaceae|繖形科|Angelica hirsutiflora|{濱當歸}|VU
Apiaceae|繖形科|Angelica dahurica var. formosana|{野當歸}|VU
Apocynaceae|夾竹桃科|Tylophora sui|{蘇氏鷗蔓}|VU
Apocynaceae|夾竹桃科|Jasminanthes mucronata|{舌瓣花}|VU
Aquifoliaceae|冬青科|Ilex integra|{全緣葉冬青}|VU
Araliaceae|五加科|Schefflera odorata|{鵝掌藤,香鴨腳木,香鵝掌藤}|VU
Araliaceae|五加科|Sinopanax formosana|{華參}|VU
Aristolochiaceae|馬兜鈴科|Asarum hypogynum|{下花細辛,芋葉細辛}|VU
Aristolochiaceae|馬兜鈴科|Asarum crassisepalum|{鴛鴦湖細辛}|VU
Aristolochiaceae|馬兜鈴科|Aristolochia cucurbitifolia|{瓜葉馬兜鈴,青香木}|VU
Aristolochiaceae|馬兜鈴科|Asarum epigynum|{上花細辛}|VU
Aristolochiaceae|馬兜鈴科|Asarum taipingshanianum|{太平山細辛}|VU
Asteraceae|菊科|Eupatorium clematideum var. gracillimum|{高士佛澤蘭}|VU
Asteraceae|菊科|Blumea oblongifolia|{臺灣艾納香}|VU
Asteraceae|菊科|Eupatorium lindleyanum|{林氏澤蘭}|VU
Asteraceae|菊科|Saussurea kiraisiensis|{奇萊青木香}|VU
Asteraceae|菊科|Glossocardia bidens|{香茹}|VU
Asteraceae|菊科|Acmella paniculata|{金鈕扣}|VU
Asteraceae|菊科|Carpesium cernuum|{杓兒菜}|VU
Asteraceae|菊科|Crossostephium chinense|{蘄艾,海芙蓉}|VU
Asteraceae|菊科|Carpesium abrotanoides|{天名精}|VU
Asteraceae|菊科|Nemosenecio formosanus|{臺灣劉寄奴}|VU
Asteraceae|菊科|Vernonia maritima|{濱斑鳩菊}|VU
Asteraceae|菊科|Senecio crataegifolius|{小蔓黃菀}|VU
Asteraceae|菊科|Saussurea kanzanensis|{關山青木香}|VU
Asteraceae|菊科|Gynura elliptica|{蘭嶼木耳菜}|VU
Asteraceae|菊科|Ligularia kojimae|{高山橐吾}|VU
Asteraceae|菊科|Blumea linearis|{狹葉艾納香}|VU
Asteraceae|菊科|Bidens tripartita|{狼把草}|VU
Asteraceae|菊科|Parasenecio monantha|{玉山蟹甲草}|VU
Asteraceae|菊科|Sphaeranthus africanus|{戴星草}|VU
Asteraceae|菊科|Blumea conspicua|{大花艾納香,藤艾納香}|VU
Asteraceae|菊科|Ainsliaea secundiflora|{中原氏鬼督郵}|VU
Asteraceae|菊科|Saussurea glandulosa|{高山青木香,腺毛青木香}|VU
Asteraceae|菊科|Parasenecio hwangshanica|{黃山蟹甲草}|VU
Asteraceae|菊科|Ligularia japonica|{大吳風草}|VU
Asteraceae|菊科|Laggera alata|{六角草}|VU
Asteraceae|菊科|Aster shimadae|{島田氏雞兒腸}|VU
Asteraceae|菊科|Lapsanastrum apogonoides|{稻搓菜}|VU
Asteraceae|菊科|Pluchea pteropoda|{光梗闊苞菊}|VU
Balanophoraceae|蛇菰科|Balanophora wrightii|{海桐生蛇菰}|VU
Balanophoraceae|蛇菰科|Balanophora fungosa|{粗穗蛇菰}|VU
Balsaminaceae|鳳仙花科|Impatiens tayemonii|{黃花鳳仙花}|VU
Balsaminaceae|鳳仙花科|Impatiens devolii|{棣慕華鳳仙花}|VU
Begoniaceae|秋海棠科|Begonia austrotaiwanensis|{南臺灣秋海棠}|VU
Begoniaceae|秋海棠科|Begonia wutaiana|{霧台秋海棠}|VU
Begoniaceae|秋海棠科|Begonia chuyunshanensis|{出雲山秋海棠}|VU
Begoniaceae|秋海棠科|Begonia lukuana|{鹿谷秋海棠}|VU
Begoniaceae|秋海棠科|Begonia tengchiana|{藤枝秋海棠}|VU
Berberidaceae|小檗科|Mahonia japonica|{十大功勞}|VU
Berberidaceae|小檗科|Mahonia oiwakensis|{阿里山十大功勞}|VU
Berberidaceae|小檗科|Berberis nantoensis|{南投小檗}|VU
Boraginaceae|紫草科|Ehretia philippinensis|{蘭嶼厚殼樹}|VU
Boraginaceae|紫草科|Lithospermum zollingeri|{梓木草}|VU
Brassicaceae|十字花科|Barbarea taiwaniana|{臺灣山芥菜,高山山芥,高山碎米薺}|VU
Buxaceae|黃楊科|Buxus microphylla subsp. sinica var. tarokoensis|{太魯閣黃楊}|VU
Cabombaceae|蓴科|Brasenia schreberi|{蓴,蓴菜}|VU
Cannabaceae|大麻科|Celtis philippensis|{菲律賓朴樹}|VU
Capparaceae|山柑科|Capparis acutifolia|{銳葉山柑}|VU
Capparaceae|山柑科|Capparis floribunda|{多花山柑}|VU
Caprifoliaceae|忍冬科|Lonicera oiwakensis|{追分忍冬}|VU
Caprifoliaceae|忍冬科|Linnaea chinensis|{臺灣糯米條}|VU
Caprifoliaceae|忍冬科|Lonicera kawakamii|{川上氏忍冬}|VU
Caprifoliaceae|忍冬科|Lonicera macrantha|{大花忍冬}|VU
Caryophyllaceae|石竹科|Dianthus palinensis|{巴陵石竹}|VU
Caryophyllaceae|石竹科|Dianthus pygmaeus|{玉山石竹}|VU
Caryophyllaceae|石竹科|Silene morrisonmontana|{玉山蠅子草}|VU
Caryophyllaceae|石竹科|Silene glabella|{南湖大山蠅子草}|VU
Connaraceae|牛栓藤科|Rourea minor|{紅葉藤}|VU
Convolvulaceae|旋花科|Ipomoea imperati|{厚葉牽牛}|VU
Convolvulaceae|旋花科|Argyreia formosana|{鈍葉朝顏}|VU
Convolvulaceae|旋花科|Merremia hirta|{變葉姬旋花}|VU
Convolvulaceae|旋花科|Ipomoea polymorpha|{變葉立牽牛}|VU
Crassulaceae|景天科|Kalanchoe garambiensis|{鵝鑾鼻燈籠草}|VU
Crassulaceae|景天科|Sedum microsepalum|{小萼佛甲草}|VU
Crassulaceae|景天科|Sedum sekiteiense|{石碇佛甲草}|VU
Crassulaceae|景天科|Sedum drymarioides|{大葉火焰草}|VU
Cucurbitaceae|葫蘆科|Trichosanthes quinquangulata|{蘭嶼括樓}|VU
Cucurbitaceae|葫蘆科|Siraitia taiwaniana|{臺灣羅漢果}|VU
Droseraceae|茅膏菜科|Drosera burmannii|{金錢草,錦地羅}|VU
Ebenaceae|柿樹科|Diospyros rhombifolia|{菱葉柿}|VU
Ebenaceae|柿樹科|Diospyros ferrea|{象牙柿,烏皮石柃,象牙樹}|VU
Elaeagnaceae|胡頹子科|Elaeagnus tarokoensis|{太魯閣胡頹子}|VU
Elaeocarpaceae|杜英科|Elaeocarpus multiflorus|{繁花薯豆}|VU
Elaeocarpaceae|杜英科|Elaeocarpus sylvestris var. lanyuensis|{蘭嶼杜英}|VU
Ericaceae|杜鵑花科|Rhododendron chilanshanense|{棲蘭山杜鵑}|VU
Ericaceae|杜鵑花科|Monotropa hypopithys|{錫杖花}|VU
Ericaceae|杜鵑花科|Enkianthus perulatus|{臺灣吊鐘花}|VU
Euphorbiaceae|大戟科|Excoecaria kawakamii|{蘭嶼土沉香}|VU
Euphorbiaceae|大戟科|Excoecaria agallocha|{土沉香}|VU
Euphorbiaceae|大戟科|Acalypha brachystachya|{短序鐵莧菜}|VU
Euphorbiaceae|大戟科|Euphorbia jolkini|{岩大戟}|VU
Euphorbiaceae|大戟科|Chamaesyce garanbiensis|{鵝鑾鼻大戟}|VU
Euphorbiaceae|大戟科|Alchornea trewioides var. formosae|{臺灣山麻桿}|VU
Euphorbiaceae|大戟科|Mallotus tiliifolius|{椴葉野桐}|VU
Euphorbiaceae|大戟科|Suregada aequorea|{白樹仔}|VU
Euphorbiaceae|大戟科|Chamaesyce sparrmannii|{心葉大戟}|VU
Fabaceae|豆科|Dumasia miaoliensis|{苗栗野豇豆}|VU
Fabaceae|豆科|Callerya nitida|{光葉魚藤}|VU
Fabaceae|豆科|Astragalus nokoensis|{能高大山紫雲英}|VU
Fabaceae|豆科|Glycine max subsp. formosana|{臺灣大豆}|VU
Fabaceae|豆科|Chamaecrista garambiensis|{鵝鑾鼻決明}|VU
Fabaceae|豆科|Crotalaria elliptica|{雙子野百合}|VU
Fabaceae|豆科|Glycine tabacina|{澎湖大豆}|VU
Fabaceae|豆科|Desmodium gracillium|{細葉山螞蝗}|VU
Fabaceae|豆科|Eriosema chinense|{豬仔笠}|VU
Fabaceae|豆科|Lotus australis|{蘭嶼百脈根}|VU
Fabaceae|豆科|Caesalpinia bonduc|{老虎心}|VU
Fabaceae|豆科|Hylodesmum podocarpum|{圓菱葉山螞蝗}|VU
Fabaceae|豆科|Glycine dolichocarpa|{扁豆莢大豆}|VU
Fabaceae|豆科|Mucuna membranacea|{蘭嶼血藤}|VU
Fabaceae|豆科|Indigofera zollingeriana|{蘭嶼木藍}|VU
Fabaceae|豆科|Ormosia formosana|{臺灣紅豆樹}|VU
Fabaceae|豆科|Dolichos trilobus var. kosyunensis|{三裂葉扁豆}|VU
Fabaceae|豆科|Cassia sophora var. penghuana|{澎湖決明,苦參類決明}|VU
Fabaceae|豆科|Zornia intecta|{臺東葵草}|VU
Fabaceae|豆科|Maackia taiwanensis|{臺灣馬鞍樹,島槐}|VU
Fabaceae|豆科|Gleditsia rolfei|{恆春皂莢}|VU
Fabaceae|豆科|Ormosia hengchuniana|{恆春紅豆樹}|VU
Fabaceae|豆科|Caesalpinia minax|{蓮實藤}|VU
Fabaceae|豆科|Ormocarpum cochinchinensis|{濱槐}|VU
Fagaceae|殼斗科|Quercus repandifolia|{波葉櫟}|VU
Fagaceae|殼斗科|Lithocarpus nantoensis|{南投石櫟}|VU
Fagaceae|殼斗科|Lithocarpus dodonaeifolius|{柳葉石櫟}|VU
Gentianaceae|龍膽科|Tripterospermum cordifolium|{高山肺形草}|VU
Gentianaceae|龍膽科|Swertia tozanensis|{高山當藥}|VU
Gentianaceae|龍膽科|Swertia arisanensis|{阿里山當藥}|VU
Gentianaceae|龍膽科|Pterygocalyx volubilis|{翼萼蔓}|VU
Gentianaceae|龍膽科|Gentiana tatakensis|{塔塔加龍膽}|VU
Gentianaceae|龍膽科|Fagraea ceilanica|{灰莉}|VU
Gesneriaceae|苦苣苔科|Cyrtandra umbellifera|{槳果苣苔}|VU
Gesneriaceae|苦苣苔科|Epithema taiwanense var. fasciculatum|{密花苣苔}|VU
Gesneriaceae|苦苣苔科|Chirita anachoreta|{光萼唇柱苣苔}|VU
Hamamelidaceae|金縷梅科|Distylium gracile|{細葉蚊母樹}|VU
Hernandiaceae|蓮葉桐科|Hernandia nymphaeifolia|{蓮葉桐}|VU
Hydrangeaceae|八仙花科|Deutzia cordatula|{心基葉溲疏}|VU
Hydroleaceae|田亞麻科|Hydrolea zeylanica|{探芹草}|VU
Hypericaceae|金絲桃科|Hypericum nakamurae|{清水金絲桃}|VU
Hypericaceae|金絲桃科|Hypericum subalatum|{方莖金絲桃}|VU
Lamiaceae|唇形科|Suzukia luchuensis|{琉球鈴木草}|VU
Lamiaceae|唇形科|Comanthosphace formosana|{臺灣白木草,臺灣白笏草,白木草}|VU
Lamiaceae|唇形科|Callicarpa formosana var. longifolia|{長葉杜虹花,長葉粗糠樹}|VU
Lamiaceae|唇形科|Ajuga nipponensis|{日本筋骨草}|VU
Lamiaceae|唇形科|Ajuga dictyocarpa|{網果筋骨草}|VU
Lamiaceae|唇形科|Scutellaria taiwanensis|{臺灣黃芩}|VU
Lamiaceae|唇形科|Basilicum polystachyon|{小冠薰}|VU
Lamiaceae|唇形科|Prunella vulgaris subsp. asiatica var. nanhutashanensis|{高山夏枯草,南湖大山夏枯草}|VU
Lamiaceae|唇形科|Callicarpa hypoleucophylla|{灰背葉紫珠,裡白杜虹花}|VU
Lamiaceae|唇形科|Scutellaria tashiroi|{田代氏黃芩}|VU
Lamiaceae|唇形科|Keiskea macrobracteata|{大苞偏穗花,大萼霜桂花草}|VU
Lamiaceae|唇形科|Scutellaria austrotaiwanensis|{南臺灣黃芩}|VU
Lamiaceae|唇形科|Vitex trifolia|{三葉蔓荊}|VU
Lamiaceae|唇形科|Ajuga pygmaea|{矮筋骨草}|VU
Lamiaceae|唇形科|Salvia hayatana|{早田氏鼠尾草,白花鼠尾草,羽葉紫參}|VU
Lamiaceae|唇形科|Scutellaria playfairii|{布烈氏黃芩}|VU
Lamiaceae|唇形科|Teucrium taiwanianum|{臺灣香科科}|VU
Lauraceae|樟科|Cinnamomum brevipedunculatum|{小葉樟}|VU
Lauraceae|樟科|Neolitsea hiiranensis|{南仁新木薑子}|VU
Lecythidaceae|玉蕊科|Barringtonia asiatica|{棋盤腳,棋盤腳樹}|VU
Lecythidaceae|玉蕊科|Barringtonia racemosa|{水茄苳}|VU
Lentibulariaceae|狸藻科|Utricularia gibba|{絲葉狸藻}|VU
Linderniaceae|母草科|Torenia benthamiana|{毛葉蝴蝶草}|VU
Linderniaceae|母草科|Lindernia tenuifolia|{薄葉見風紅}|VU
Linderniaceae|母草科|Legazpia polygonoides|{三翅萼}|VU
Loganiaceae|馬錢科|Geniostoma rupestre|{偽木荔枝}|VU
Loranthaceae|桑寄生科|Taxillus pseudochinensis|{恆春桑寄生}|VU
Loranthaceae|桑寄生科|Taxillus limprichtii|{木蘭桑寄生}|VU
Lythraceae|千屈菜科|Rotala wallichii|{瓦氏水豬母乳}|VU
Magnoliaceae|木蘭科|Magnolia kachirachirai|{烏心石舅}|VU
Malvaceae|錦葵科|Grewia eriocarpa|{大葉捕魚木}|VU
Malvaceae|錦葵科|Pterospermum niveum|{翅子樹}|VU
Melastomataceae|野牡丹科|Melastoma intermedia|{水社野牡丹}|VU
Melastomataceae|野牡丹科|Memecylon lanceolatum|{革葉羊角扭}|VU
Melastomataceae|野牡丹科|Bredia dulanica|{都蘭山金石榴,都蘭布勒德}|VU
Melastomataceae|野牡丹科|Medinilla formosana|{臺灣野牡丹藤}|VU
Meliaceae|楝科|Chisocheton patens|{蘭嶼擬椌木}|VU
Meliaceae|楝科|Aphanamixis polystachya|{穗花樹蘭}|VU
Meliaceae|楝科|Dysoxylum arborescens|{蘭嶼樫木}|VU
Meliaceae|楝科|Aglaia chittagonga|{蘭嶼樹蘭}|VU
Menispermaceae|防己科|Stephania tetrandra|{石蟾蜍}|VU
Menispermaceae|防己科|Cocculus laurifolius|{樟葉木防己}|VU
Menispermaceae|防己科|Cyclea insularis|{蘭嶼土防己}|VU
Menyanthaceae|睡菜科|Nymphoides coreana|{小莕菜}|VU
Mitrastemonaceae|奴草科|Mitrastemon kawasasakii|{臺灣奴草}|VU
Moraceae|桑科|Ficus heteropleura|{尖尾長葉榕}|VU
Moraceae|桑科|Ficus pedunculosa|{蔓榕}|VU
Moraceae|桑科|Ficus esquiroliana|{黃毛榕,大赦婆樹}|VU
Moraceae|桑科|Broussonetia kaempferi|{楮樹}|VU
Moraceae|桑科|Ficus pedunculosa var. mearnsii|{鵝鑾鼻蔓榕}|VU
Moraceae|桑科|Artocarpus xanthocarpus|{蘭嶼麵包樹}|VU
Myristicaceae|肉豆蔻科|Myristica ceylanica var. cagayanensis|{蘭嶼肉豆蔻}|VU
Myrtaceae|桃金孃科|Syzygium taiwanicum|{臺灣捧花蒲桃}|VU
Myrtaceae|桃金孃科|Syzygium paucivenium|{疏脈赤楠}|VU
Onagraceae|柳葉菜科|Epilobium taiwanianum|{臺灣柳葉菜}|VU
Onagraceae|柳葉菜科|Epilobium nankotaizanense|{南湖柳葉菜}|VU
Onagraceae|柳葉菜科|Ludwigia perennis|{小花水丁香}|VU
Onagraceae|柳葉菜科|Epilobium pengii|{彭氏柳葉菜,網籽柳葉菜}|VU
Onagraceae|柳葉菜科|Ludwigia ovalis|{卵葉水丁香}|VU
Orobanchaceae|列當科|Alectra arvensis|{黑蒴}|VU
Orobanchaceae|列當科|Christisonia hookeri|{假野菰}|VU
Orobanchaceae|列當科|Euphrasia tarokoana|{太魯閣小米草}|VU
Orobanchaceae|列當科|Pedicularis ikomai|{高山馬先蒿,馬先蒿草}|VU
Oxalidaceae|酢漿草科|Oxalis acetosella subsp. taemoni|{大霸尖山酢漿草}|VU
Paulowniaceae|泡桐科|Paulownia kawakamii|{白桐,川泡桐,準東泡桐}|VU
Pentaphylacaceae|五列木科|Anneslea lanceolata|{細葉茶梨}|VU
Phrymaceae|透骨草科|Phryma leptostachya|{繩毒草,北美透骨草}|VU
Phyllanthaceae|葉下珠科|Antidesma pleuricum|{蘭嶼枯里珍,紅頭五月茶,紅頭山五月茶}|VU
Phyllanthaceae|葉下珠科|Glochidion puberum|{紅毛饅頭果}|VU
Phyllanthaceae|葉下珠科|Margaritaria indica|{紫黃}|VU
Pittosporaceae|海桐科|Pittosporum illicioides var. angustifolium|{細葉疏果海桐}|VU
Plantaginaceae|車前科|Limnophila aromatica|{紫蘇草}|VU
Plantaginaceae|車前科|Limnophila rugosa|{大葉石龍尾,田香草,水胡椒}|VU
Plantaginaceae|車前科|Deinostema adenocaulon|{毛澤番椒}|VU
Plantaginaceae|車前科|Veronicastrum axillare var. simadae|{新竹腹水草}|VU
Polygalaceae|遠志科|Polygala arcuata|{巨葉花遠志}|VU
Polygalaceae|遠志科|Epirixanthes elongata|{寄生鱗葉草}|VU
Polygonaceae|蓼科|Polygonum conspicuum|{櫻蓼}|VU
Polygonaceae|蓼科|Polygonum viscosum|{香蓼,黏毛蓼}|VU
Polygonaceae|蓼科|Polygonum sagittatum|{箭葉蓼}|VU
Polygonaceae|蓼科|Polygonum pulchrum|{絨毛蓼}|VU
Polygonaceae|蓼科|Polygonum hastatosagittatum|{長箭葉蓼}|VU
Primulaceae|報春花科|Ardisia villosa|{雪下紅}|VU
Primulaceae|報春花科|Ardisia kusukuensis|{高士佛紫金牛}|VU
Primulaceae|報春花科|Ardisia maclurei|{麥氏紫金牛}|VU
Putranjivaceae|非洲核果木科|Drypetes littoralis|{鐵色}|VU
Ranunculaceae|毛茛科|Aconitum fukutomei var. formosanum|{蔓烏頭}|VU
Ranunculaceae|毛茛科|Trollius taihasenzanensis|{臺灣金蓮花,金梅草}|VU
Ranunculaceae|毛茛科|Anemone stolonifera|{匍枝銀蓮花,三花銀蓮花}|VU
Ranunculaceae|毛茛科|Clematis psilandra|{臺灣牡丹藤,臺灣草牡丹}|VU
Ranunculaceae|毛茛科|Clematis tsugetorum|{高山鐵線蓮}|VU
Ranunculaceae|毛茛科|Thalictrum urbainii var. majus|{大花傅氏唐松草}|VU
Ranunculaceae|毛茛科|Clematis terniflora var. garanbiensis|{鵝鑾鼻鐵線蓮}|VU
Ranunculaceae|毛茛科|Ranunculus chinensis|{茴茴蒜}|VU
Ranunculaceae|毛茛科|Thalictrum rubescens|{南湖唐松草}|VU
Ranunculaceae|毛茛科|Thalictrum myriophyllum|{密葉唐松草}|VU
Ranunculaceae|毛茛科|Ranunculus ternatus|{小毛茛,貓爪草}|VU
Rhamnaceae|鼠李科|Berchemia arisanensis|{阿里山黃鱔藤}|VU
Rhizophoraceae|紅樹科|Rhizophora stylosa|{紅海欖}|VU
Rosaceae|薔薇科|Filipendula kiraishiensis|{臺灣蚊子草}|VU
Rosaceae|薔薇科|Rubus nagasawanus|{粗毛懸鉤子}|VU
Rosaceae|薔薇科|Rosa cymosa|{小果薔薇}|VU
Rosaceae|薔薇科|Stephanandra incisa|{冠蕊木}|VU
Rosaceae|薔薇科|Spiraea tarokoensis|{太魯閣繡線菊}|VU
Rosaceae|薔薇科|Prunus pogonostyla|{庭梅}|VU
Rosaceae|薔薇科|Rosa bracteata|{琉球野薔薇}|VU
Rosaceae|薔薇科|Cotoneaster subadpressus|{高山栒子}|VU
Rosaceae|薔薇科|Pyracantha koidzumii|{臺灣火刺木}|VU
Rubiaceae|茜草科|Galium morii|{森氏豬殃殃}|VU
Rubiaceae|茜草科|Lasianthus tsangii|{長苞雞屎樹}|VU
Rubiaceae|茜草科|Hayataella michelloides|{玉蘭草,山茜草}|VU
Rubiaceae|茜草科|Lasianthus hiiranensis|{棲蘭山雞屎樹}|VU
Rubiaceae|茜草科|Galium fukuyamai|{福山氏豬殃殃}|VU
Rubiaceae|茜草科|Randia canthioides|{臺北茜草樹}|VU
Rubiaceae|茜草科|Uncaria rhynchophylla|{嘴葉鉤藤}|VU
Rubiaceae|茜草科|Randia wallichii|{大果玉心花}|VU
Rubiaceae|茜草科|Hedyotis chrysotricha|{金毛耳草}|VU
Rubiaceae|茜草科|Mitchella undulata|{蔓虎刺}|VU
Rubiaceae|茜草科|Argostemma solaniflorum|{水冠草}|VU
Rutaceae|芸香科|Citrus aurantium|{來母}|VU
Rutaceae|芸香科|Citrus depress|{臺灣香檬}|VU
Rutaceae|芸香科|Zanthoxylum integrifolium|{蘭嶼花椒}|VU
Rutaceae|芸香科|Zanthoxylum avicennae|{狗花椒}|VU
Rutaceae|芸香科|Clausena anisum-olens|{短柱黃皮}|VU
Santalaceae|檀香科|Thesium chinense|{百蕊草}|VU
Saxifragaceae|虎耳草科|Tiarella polyphylla|{黃水枝}|VU
Scrophulariaceae|玄參科|Buddleja curviflora|{彎花醉魚木}|VU
Simaroubaceae|苦木科|Picrasma quassioides|{苦樹}|VU
Solanaceae|茄科|Solanum undatum|{黃水茄,野茄}|VU
Stemonuraceae|金檀木科|Gomphandra luzoniensis|{呂宋毛蕊木}|VU
Styracaceae|安息香科|Styrax matsumuraei|{臺灣野茉莉}|VU
Styracaceae|安息香科|Styrax japonica var. kotoensis|{蘭嶼野茉莉,蘭嶼安息香}|VU
Symplocaceae|灰木科|Symplocos decora|{小泉氏灰木}|VU
Symplocaceae|灰木科|Symplocos shilanensis|{希蘭灰木}|VU
Symplocaceae|灰木科|Symplocos nokoensis|{能高山灰木}|VU
Symplocaceae|灰木科|Symplocos sasakii|{佐佐木氏灰木}|VU
Symplocaceae|灰木科|Symplocos grandis|{大葉灰木}|VU
Theaceae|茶科|Camellia kissii|{落瓣油茶}|VU
Theaceae|茶科|Camellia japonica|{日本山茶}|VU
Theaceae|茶科|Camellia furfuracea|{垢果山茶}|VU
Theaceae|茶科|Camellia nokoensis|{能高山茶}|VU
Theaceae|茶科|Camellia hengchunensis|{恆春山茶}|VU
Thymelaeaceae|瑞香科|Wikstroemia mononectaria|{紅蕘花}|VU
Thymelaeaceae|瑞香科|Daphne genkwa|{芫花}|VU
Urticaceae|蕁麻科|Boehmeria hwaliensis|{花蓮苧麻}|VU
Urticaceae|蕁麻科|Pilea elliptifolia|{橢圓葉冷水麻}|VU
Urticaceae|蕁麻科|Gonostegia pentandra|{五蕊石薯}|VU
Urticaceae|蕁麻科|Elatostema villosum|{柔毛樓梯草}|VU
Urticaceae|蕁麻科|Laportea bulbifera|{珠芽桑葉麻}|VU
Urticaceae|蕁麻科|Boehmeria pilushanensis|{畢祿山苧麻}|VU
Urticaceae|蕁麻科|Boehmeria clidemioides|{序葉苧麻}|VU
Urticaceae|蕁麻科|Elatostema acuteserratum|{銳齒樓梯草}|VU
Urticaceae|蕁麻科|Pilea japonica|{日本冷水麻}|VU
Urticaceae|蕁麻科|Elatostema strigillosum|{微粗毛樓梯草}|VU
Violaceae|堇菜科|Viola obtusa var. tsuifengensis|{翠峰堇菜}|VU
Vitaceae|葡萄科|Vitis amurensis|{阿穆爾葡萄}|VU
Alismataceae|澤瀉科|Alisma canaliculatum|{澤瀉}|VU
Araceae|天南星科|Arisaema matsudae|{線花天南星}|VU
Araceae|天南星科|Arisaema taiwanense var. brevipedunculatum|{短梗天南星}|VU
Araceae|天南星科|Remusatia vivipara|{臺灣目賊芋}|VU
Araceae|天南星科|Arisaema nanjenense|{南仁山天南星}|VU
Araceae|天南星科|Rhaphidophora liukiuensis|{針房藤,爬樹龍}|VU
Araceae|天南星科|Schismatoglottis kotoensis|{蘭嶼芋}|VU
Araceae|天南星科|Arisaema ilanense|{宜蘭天南星}|VU
Arecaceae|棕櫚科|Livistona chinensis var. subglobosa|{蒲葵}|VU
Asparagaceae|天門冬科|Aspidistra mushaensis|{霧社蜘蛛抱蛋}|VU
Asparagaceae|天門冬科|Heteropolygonatum altelobatum|{臺灣黃精}|VU
Asparagaceae|天門冬科|Scilla sinensis|{綿棗兒,地棗兒}|VU
Asparagaceae|天門冬科|Dracaena angustifolia|{番仔林投}|VU
Burmanniaceae|水玉簪科|Burmannia liukiuensis|{琉球水玉簪}|VU
Burmanniaceae|水玉簪科|Burmannia cryptopetala|{透明水玉簪}|VU
Commelinaceae|鴨跖草科|Murdannia spirata|{矮水竹葉}|VU
Commelinaceae|鴨跖草科|Cyanotis axillaris|{鞘苞花}|VU
Cyperaceae|莎草科|Carex orthostemon|{直蕊宿柱薹}|VU
Cyperaceae|莎草科|Carex maculata|{寬囊果薹,斑點薹}|VU
Cyperaceae|莎草科|Carex rochebrunii|{高山穗序薹}|VU
Cyperaceae|莎草科|Carex morii|{森氏薹}|VU
Cyperaceae|莎草科|Carex urelytra|{扁果薹}|VU
Cyperaceae|莎草科|Carex liui|{劉氏薹}|VU
Cyperaceae|莎草科|Fimbristylis subinclinata|{知本飄拂草}|VU
Cyperaceae|莎草科|Gahnia tristis|{黑莎草}|VU
Cyperaceae|莎草科|Fimbristylis shimadana|{白穗飄拂草}|VU
Cyperaceae|莎草科|Fimbristylis microcarya var. tainanensis|{臺南飄拂草}|VU
Cyperaceae|莎草科|Scleria levis|{毛果珍珠茅}|VU
Cyperaceae|莎草科|Carex alterniflora|{宜蘭宿柱薹}|VU
Cyperaceae|莎草科|Carex taiwanensis|{臺灣疏花薹}|VU
Cyperaceae|莎草科|Carex fulvorubescens|{茶色扁果薹}|VU
Dioscoreaceae|薯蕷科|Dioscorea cumingii|{蘭嶼田薯}|VU
Hydrocharitaceae|水虌科|Najas browniana|{高雄茨藻}|VU
Juncaceae|燈心草科|Juncus wallichianus|{小葉燈心草}|VU
Liliaceae|百合科|Rohdea japonica var. watanabei|{渡邊氏萬年青}|VU
Liliaceae|百合科|Tricyrtis suzukii|{鈴木氏油點草}|VU
Marantaceae|竹芋科|Donax canniformis|{蘭嶼竹芋}|VU
Orchidaceae|蘭科|Oreorchis micrantha|{南湖山蘭,大井山蘭}|VU
Orchidaceae|蘭科|Bulbophyllum brevipedunculatum|{短梗豆蘭}|VU
Orchidaceae|蘭科|Haraella retrocalla|{香蘭}|VU
Orchidaceae|蘭科|Listera taizanensis|{大山雙葉蘭}|VU
Orchidaceae|蘭科|Hetaeria oblongifolia|{長橢圓葉伴蘭}|VU
Orchidaceae|蘭科|Gastrodia pubilabiata|{冬赤箭}|VU
Orchidaceae|蘭科|Schoenorchis vanoverberghii|{蘆蘭,羞花蘭}|VU
Orchidaceae|蘭科|Erythrorchis altissima|{蔓莖山珊瑚,山珊瑚,倒吊蘭}|VU
Orchidaceae|蘭科|Gastrochilus rantabunensis|{合歡松蘭}|VU
Orchidaceae|蘭科|Calanthe angustifolia|{矮根節蘭}|VU
Orchidaceae|蘭科|Thrixspermum pensile|{倒垂風蘭,懸垂風鈴蘭,垂枝白蛾蘭}|VU
Orchidaceae|蘭科|Gastrodia flabilabella|{夏赤箭}|VU
Orchidaceae|蘭科|Gastrodia shimizuana|{清水氏赤箭}|VU
Orchidaceae|蘭科|Dendrobium goldschmidtianum|{哥氏石斛}|VU
Orchidaceae|蘭科|Cymbidium kanran|{寒蘭,長葉素心蘭,臺灣素心蘭}|VU
Orchidaceae|蘭科|Phaius tancarvilleae|{紅鶴頂蘭,鶴頂蘭,紅鶴蘭}|VU
Orchidaceae|蘭科|Lecanorchis amethystea|{紫晶皿蘭}|VU
Orchidaceae|蘭科|Dendrobium somae|{小雙花石斛}|VU
Orchidaceae|蘭科|Pleione bulbocodioides|{臺灣一葉蘭}|VU
Orchidaceae|蘭科|Nervilia lanyuensis|{蘭嶼脈葉蘭}|VU
Orchidaceae|蘭科|Nervilia plicata|{紫花脈葉蘭,紫背脈葉蘭}|VU
Orchidaceae|蘭科|Malaxis microtatantha|{小軟葉蘭}|VU
Orchidaceae|蘭科|Tuberolabium kotoense|{管唇蘭,蘭嶼管唇蘭,紅頭囊唇蘭}|VU
Orchidaceae|蘭科|Liparis auriculata|{雙葉羊耳蒜,玉簪羊耳蘭}|VU
Orchidaceae|蘭科|Malaxis purpurea|{紫花軟葉蘭,亮葉沼蘭}|VU
Orchidaceae|蘭科|Bulbophyllum albociliatum|{白毛捲瓣蘭,臺中豆蘭}|VU
Orchidaceae|蘭科|Oreorchis bilamellata|{雙板山蘭,大霸山蘭}|VU
Orchidaceae|蘭科|Tropidia nanhuae|{南化摺唇摺蘭}|VU
Orchidaceae|蘭科|Ponerorchis takasago-montana|{高山小蝶蘭,高山紅蘭}|VU
Orchidaceae|蘭科|Nervilia crociformis|{四重溪脈葉蘭}|VU
Orchidaceae|蘭科|Androcorys pusillus|{小兜蕊蘭,小零餘子草}|VU
Orchidaceae|蘭科|Oberonia pumila|{小騎士蘭}|VU
Orchidaceae|蘭科|Malaxis ramosii|{圓唇軟葉蘭,圓唇小柱蘭}|VU
Orchidaceae|蘭科|Thrixspermum subulatum|{厚葉風蘭,肥垂蘭}|VU
Orchidaceae|蘭科|Ponerorchis tominagae|{紅斑蘭,大水窟紅蘭,大水窟小蝶蘭}|VU
Orchidaceae|蘭科|Tainia latifolia|{闊葉杜鵑蘭,竹東杜鵑蘭,橢圓杜鵑蘭}|VU
Orchidaceae|蘭科|Dendrochilum uncatum|{黃穗蘭,穗花蘭}|VU
Orchidaceae|蘭科|Goodyera viridiflora|{綠花斑葉蘭,鳥喙斑葉蘭}|VU
Orchidaceae|蘭科|Listera nankomontana|{南湖雙葉蘭}|VU
Orchidaceae|蘭科|Dendrobium catenatum|{黃石斛,黃花石斛}|VU
Orchidaceae|蘭科|Goodyera pendula|{垂葉斑葉蘭}|VU
Orchidaceae|蘭科|Hemipilia cordifolia|{玉山一葉蘭}|VU
Orchidaceae|蘭科|Platanthera longicalcarata|{長距粉蝶蘭,長距蜻蛉蘭,長距蜻蜓草}|VU
Orchidaceae|蘭科|Liparis krameri var. sasakii|{尾唇羊耳蒜,新羊耳蘭}|VU
Orchidaceae|蘭科|Oreorchis fargesii|{密花山蘭,頭花山蘭}|VU
Orchidaceae|蘭科|Zeuxine integrilabella|{全唇線柱蘭}|VU
Orchidaceae|蘭科|Goodyera yamiana|{蘭嶼金銀草}|VU
Orchidaceae|蘭科|Cymbidium faberi|{九華蘭,一莖九華,追分蘭}|VU
Orchidaceae|蘭科|Didymoplexiella siamensis|{錨柱蘭,擬鬼蘭}|VU
Poaceae|禾本科|Ischaemum rugosum var. segetum|{田間鴨嘴草}|VU
Poaceae|禾本科|Deschampsia atropurpurea|{高山髮草}|VU
Poaceae|禾本科|Thaumastochloa chenii|{其昌假蛇尾草}|VU
Poaceae|禾本科|Trisetum bifidum|{三毛草}|VU
Poaceae|禾本科|Sporobolus hancei|{韓氏鼠尾粟}|VU
Poaceae|禾本科|Arthraxon lancifolius|{小葉藎草}|VU
Potamogetonaceae|眼子菜科|Zannichellia palustris|{角果藻,絲葛藻}|VU
Potamogetonaceae|眼子菜科|Potamogeton oxyphyllus|{線葉藻}|VU
Potamogetonaceae|眼子菜科|Potamogeton distinctus|{異匙葉藻}|VU
Potamogetonaceae|眼子菜科|Potamogeton pusillus|{柳絲藻}|VU
Smilacaceae|菝葜科|Smilax seisuiensis|{臺中假土茯苓}|VU
Smilacaceae|菝葜科|Smilax horridiramula|{密刺菝葜,刺枝菝葜}|VU
Typhaceae|香蒲科|Sparganium fallax|{東亞黑三稜}|VU
Zingiberaceae|薑科|Vanoverberghia sasakiana|{蘭嶼法式薑}|VU
Aspleniaceae|鐵角蕨科|Asplenium pulcherrimum|{細葉鐵角蕨}|NT
Aspleniaceae|鐵角蕨科|Asplenium tenerum|{鈍齒鐵角蕨}|NT
Aspleniaceae|鐵角蕨科|Asplenium bullatum|{大鐵角蕨}|NT
Aspleniaceae|鐵角蕨科|Asplenium septentrionale|{線葉鐵角蕨}|NT
Aspleniaceae|鐵角蕨科|Asplenium obscurum|{綠柄剪葉鐵角蕨}|NT
Aspleniaceae|鐵角蕨科|Asplenium serricula|{蘭嶼鐵角蕨}|NT
Athyriaceae|蹄蓋蕨科|Diplazium lobatum|{裂葉雙蓋蕨}|NT
Blechnaceae|烏毛蕨科|Woodwardia harlandii|{哈氏狗脊蕨}|NT
Cyatheaceae|桫欏科|Cyathea loheri|{南洋桫欏}|NT
Cyatheaceae|桫欏科|Cyathea hancockii|{韓氏桫欏}|NT
Davalliaceae|骨碎補科|Humata repens|{陰石蕨}|NT
Davalliaceae|骨碎補科|Humata chrysanthemifolia|{阿里山陰石蕨}|NT
Dennstaedtiaceae|碗蕨科|Microlepia trichocarpa|{毛果鱗蓋蕨}|NT
Dryopteridaceae|鱗毛蕨科|Lastreopsis tenera|{金毛蕨}|NT
Dryopteridaceae|鱗毛蕨科|Dryopteris enneaphylla var. pseudosieboldii|{大頂羽鱗毛蕨}|NT
Dryopteridaceae|鱗毛蕨科|Arachniodes nigrospinosa|{黑鱗複葉耳蕨}|NT
Dryopteridaceae|鱗毛蕨科|Polystichum thomsonii|{尾葉耳蕨}|NT
Dryopteridaceae|鱗毛蕨科|Arachniodes globisora|{臺灣複葉耳蕨}|NT
Dryopteridaceae|鱗毛蕨科|Egenolfia rhizophylla|{大刺蕨}|NT
Hymenophyllaceae|膜蕨科|Crepidomanes latemarginale|{澗邊假脈蕨}|NT
Hymenophyllaceae|膜蕨科|Cephalomanes javanicum var. asplenioides|{菲律賓厚葉蕨}|NT
Hymenophyllaceae|膜蕨科|Crepidomanes kurzii|{假脈蕨}|NT
Hymenophyllaceae|膜蕨科|Hymenophyllum denticulatum|{厚壁蕨}|NT
Hymenophyllaceae|膜蕨科|Abrodictyum cumingii|{長片蕨}|NT
Hymenophyllaceae|膜蕨科|Microgonium motleyi|{細柄單葉假脈蕨}|NT
Hymenophyllaceae|膜蕨科|Microtrichomanes nitidulum|{細口團扇蕨}|NT
Lindsaeaceae|陵齒蕨科|Lindsaea obtusa|{鈍齒鱗始蕨}|NT
Lindsaeaceae|陵齒蕨科|Lindsaea ensifolia|{箭葉陵齒蕨}|NT
Lomariopsidaceae|羅蔓藤蕨科|Lomariopsis spectabilis|{羅蔓藤蕨}|NT
Ophioglossaceae|瓶爾小草科|Botrychium lunaria|{扇羽陰地蕨}|NT
Ophioglossaceae|瓶爾小草科|Botrychium daucifolium|{薄葉大陰地蕨}|NT
Ophioglossaceae|瓶爾小草科|Ophioglossum thermale|{狹葉瓶爾小草}|NT
Polypodiaceae|水龍骨科|Prosaptia urceolaris|{臺灣穴子蕨}|NT
Polypodiaceae|水龍骨科|Grammitis reinwardtia|{毛禾葉蕨}|NT
Polypodiaceae|水龍骨科|Aglaomorpha meyeniana|{連珠蕨}|NT
Polypodiaceae|水龍骨科|Drymotaenium miyoshianum|{二條線蕨}|NT
Polypodiaceae|水龍骨科|Loxogramme grammitoides|{小葉劍蕨}|NT
Polypodiaceae|水龍骨科|Ctenopteris subfalcata|{虎尾蒿蕨}|NT
Polypodiaceae|水龍骨科|Crypsinus yakushimensis|{姬茀蕨}|NT
Polypodiaceae|水龍骨科|Calymmodon gracilis|{疏毛荷包蕨}|NT
Pteridaceae|鳳尾蕨科|Anogramma leptophylla|{翠蕨}|NT
Pteridaceae|鳳尾蕨科|Pteris ryukyuensis|{琉球鳳尾蕨}|NT
Pteridaceae|鳳尾蕨科|Cryptogramma stelleri|{疏葉珠蕨}|NT
Pteridaceae|鳳尾蕨科|Pteris pellucidifolia|{闊葉鳳尾蕨}|NT
Pteridaceae|鳳尾蕨科|Onychium siliculosum|{金粉蕨}|NT
Pteridaceae|鳳尾蕨科|Pteris kidoi|{城戶氏鳳尾蕨}|NT
Pteridaceae|鳳尾蕨科|Cheilanthes hirsuta|{毛碎米蕨}|NT
Pteridaceae|鳳尾蕨科|Vaginularia paradoxa|{連孢一條線蕨}|NT
Pteridaceae|鳳尾蕨科|Antrophyum sessilifolium|{蘭嶼車前蕨}|NT
Pteridaceae|鳳尾蕨科|Pteris bella|{長柄鳳尾蕨}|NT
Rhachidosoraceae|軸果蕨科|Rhachidosorus pulcher|{花蓮蹄蓋蕨}|NT
Selaginellaceae|卷柏科|Selaginella boninensis|{小笠原卷柏}|NT
Thelypteridaceae|金星蕨科|Phegopteris connectilis|{長柄假金星蕨}|NT
Thelypteridaceae|金星蕨科|Cyclosorus aridus|{擬毛蕨,密腺小毛蕨}|NT
Thelypteridaceae|金星蕨科|Cyclosorus interruptus|{鐵毛蕨}|NT
Woodsiaceae|岩蕨科|Athyrium niponicum|{日本蹄蓋蕨}|NT
Woodsiaceae|岩蕨科|Athyrium cumingianum|{安蕨}|NT
Cupressaceae|柏科|Chamaecyparis obtusa var. formosana|{臺灣扁柏}|NT
Cupressaceae|柏科|Chamaecyparis formosensis|{紅檜}|NT
Acanthaceae|爵床科|Hygrophila salicifolia|{柳葉水蓑衣}|NT
Acanthaceae|爵床科|Lepidagathis stenophylla|{柳葉鱗球花}|NT
Actinidiaceae|獼猴桃科|Actinidia latifolia|{闊葉獼猴桃}|NT
Adoxaceae|五福花科|Viburnum plicatum var. formosanum|{臺灣蝴蝶戲珠花}|NT
Anacardiaceae|漆樹科|Semecarpus gigantifolia|{臺東漆樹}|NT
Anacardiaceae|漆樹科|Buchanania arborescens|{山羨子}|NT
Anacardiaceae|漆樹科|Rhus sylvestris|{野漆樹}|NT
Apiaceae|繖形科|Pimpinella diversifolia|{三葉茴香}|NT
Apiaceae|繖形科|Oenanthe pterocaulon|{翼莖水芹菜}|NT
Apocynaceae|夾竹桃科|Tabernaemontana subglobosa|{蘭嶼馬蹄花}|NT
Apocynaceae|夾竹桃科|Alyxia taiwanensis|{臺灣念珠藤}|NT
Apocynaceae|夾竹桃科|Cynanchum lanhsuense|{蘭嶼牛皮消,蘭嶼白薇}|NT
Apocynaceae|夾竹桃科|Tylophora taiwanensis|{臺灣鷗蔓}|NT
Apocynaceae|夾竹桃科|Alyxia sibuyanensis|{蘭嶼念珠藤}|NT
Aquifoliaceae|冬青科|Ilex kusanoi|{草野氏冬青,蘭嶼冬青}|NT
Aquifoliaceae|冬青科|Ilex suzukii|{鈴木冬青}|NT
Aquifoliaceae|冬青科|Ilex pubescens|{密毛假黃楊}|NT
Aquifoliaceae|冬青科|Ilex lonicerifolia|{忍冬葉冬青}|NT
Aquifoliaceae|冬青科|Ilex crenata|{假黃楊}|NT
Araliaceae|五加科|Hydrocotyle keelungensis|{基隆天胡荽}|NT
Araliaceae|五加科|Osmoxylon pectinatum|{蘭嶼八角金盤}|NT
Araliaceae|五加科|Pentapanax castanopsisicola|{臺灣五葉參}|NT
Aristolochiaceae|馬兜鈴科|Aristolochia foveolata|{蜂窩馬兜鈴}|NT
Aristolochiaceae|馬兜鈴科|Aristolochia zollingeriana|{港口馬兜鈴}|NT
Asteraceae|菊科|Ixeris repens|{濱剪刀股}|NT
Asteraceae|菊科|Crepidiastrum taiwanianum|{臺灣假黃鵪菜}|NT
Asteraceae|菊科|Carpesium divaricatum|{煙管草}|NT
Asteraceae|菊科|Syneilesis subglabrata|{高山破傘菊}|NT
Asteraceae|菊科|Artemisia anomala|{珍珠蒿,奇蒿}|NT
Asteraceae|菊科|Dendranthema morii|{森氏菊}|NT
Asteraceae|菊科|Aster takasagomontanus|{雪山馬蘭}|NT
Asteraceae|菊科|Conyza leucantha|{粘毛假蓬}|NT
Asteraceae|菊科|Farfugium japonicum|{山菊}|NT
Asteraceae|菊科|Artemisia somai var. batakensis|{太魯閣艾}|NT
Asteraceae|菊科|Eupatorium hualienense|{花蓮澤蘭}|NT
Begoniaceae|秋海棠科|Begonia fenicis|{蘭嶼秋海棠}|NT
Begoniaceae|秋海棠科|Begonia pinglinensis|{坪林秋海棠}|NT
Begoniaceae|秋海棠科|Begonia ravenii|{岩生秋海棠}|NT
Berberidaceae|小檗科|Dysosma pleiantha|{八角蓮}|NT
Berberidaceae|小檗科|Berberis pengii|{南臺灣小檗}|NT
Berberidaceae|小檗科|Berberis kawakamii|{臺灣小檗}|NT
Berberidaceae|小檗科|Berberis hayatana|{早田氏小檗}|NT
Berberidaceae|小檗科|Berberis schaaliae|{花蓮小檗}|NT
Boraginaceae|紫草科|Trigonotis nankotaizanensis|{南湖附地草}|NT
Boraginaceae|紫草科|Cynoglossum alpestre|{高山倒提壺}|NT
Buxaceae|黃楊科|Sarcococca saligna|{柳狀野扇花}|NT
Buxaceae|黃楊科|Buxus liukiuensis|{琉球黃楊}|NT
Campanulaceae|桔梗科|Campanula dimorphantha|{桔梗}|NT
Cannabaceae|大麻科|Celtis nervosa|{小葉朴}|NT
Capparaceae|山柑科|Capparis sikkimensis subsp. formosana|{山柑}|NT
Caprifoliaceae|忍冬科|Lonicera apodantha|{無梗忍冬,銳葉忍冬}|NT
Celastraceae|衛矛科|Euonymus cochinchinensis|{交趾衛矛}|NT
Celastraceae|衛矛科|Euonymus oxyphyllus|{垂絲衛矛}|NT
Celastraceae|衛矛科|Tripterygium wilfordii|{雷公藤}|NT
Celastraceae|衛矛科|Maytenus emarginata|{蘭嶼裸實}|NT
Clusiaceae|藤黃科|Garcinia linii|{蘭嶼福木}|NT
Combretaceae|使君子科|Lumnitzera racemosa|{欖李}|NT
Convolvulaceae|旋花科|Lepistemon binectariferum var. trichocarpum|{鮮蕊藤}|NT
Convolvulaceae|旋花科|Calystegia soldanella|{濱旋花}|NT
Convolvulaceae|旋花科|Cuscuta chinensis|{中國菟絲子}|NT
Convolvulaceae|旋花科|Ipomoea violacea|{圓萼天茄兒}|NT
Convolvulaceae|旋花科|Ipomoea mauritiana|{掌葉牽牛}|NT
Cornaceae|山茱萸科|Swida controversa|{燈台樹}|NT
Crassulaceae|景天科|Sedum uniflorum|{疏花佛甲草}|NT
Daphniphyllaceae|虎皮楠科|Daphniphyllum glaucescens subsp. oldhamii var. lanyuense|{蘭嶼虎皮楠}|NT
Diapensiaceae|岩梅科|Shortia rotundifolia var. transalpina|{高山裂緣花}|NT
Ebenaceae|柿樹科|Diospyros philippensis|{毛柿}|NT
Elaeagnaceae|胡頹子科|Elaeagnus triflora|{菲律賓胡頹子,大葉胡頹子}|NT
Elaeocarpaceae|杜英科|Elaeocarpus sphaericus var. hayatae|{球果杜英}|NT
Elatinaceae|溝繁縷科|Bergia ammannioides|{伯格草}|NT
Ericaceae|杜鵑花科|Rhododendron simsii|{唐杜鵑,大屯杜鵑}|NT
Ericaceae|杜鵑花科|Vaccinium kengii|{鞍馬山越橘}|NT
Ericaceae|杜鵑花科|Rhododendron ovatum var. lamprophyllum|{長卵葉馬銀花}|NT
Ericaceae|杜鵑花科|Rhododendron kawakamii|{著生杜鵑}|NT
Euphorbiaceae|大戟科|Euphorbia formosana|{臺灣大戟}|NT
Euphorbiaceae|大戟科|Macaranga sinensis|{紅肉橙蘭}|NT
Euphorbiaceae|大戟科|Homonoia riparia|{水楊梅}|NT
Euphorbiaceae|大戟科|Claoxylon brachyandrum|{假鐵莧}|NT
Euphorbiaceae|大戟科|Liodendron formosanum|{臺灣假黃楊}|NT
Fabaceae|豆科|Dysolobium pilosum|{毛豇豆}|NT
Fabaceae|豆科|Dunbaria rotundifolia|{圓葉野扁豆}|NT
Fagaceae|殼斗科|Quercus hypophaea|{灰背櫟}|NT
Fagaceae|殼斗科|Castanopsis kawakamii|{大葉苦儲,赤栲,青鉤栲}|NT
Fagaceae|殼斗科|Castanopsis indica|{印度苦櫧}|NT
Gentianaceae|龍膽科|Swertia shintenensis|{新店當藥}|NT
Gentianaceae|龍膽科|Gentiana itzershanensis|{伊澤山龍膽}|NT
Gentianaceae|龍膽科|Gentiana tenuissima|{臺東龍膽}|NT
Gentianaceae|龍膽科|Gentiana kaohsiungensis|{高雄龍膽}|NT
Gentianaceae|龍膽科|Tripterospermum microphyllum|{小葉雙蝴蝶,小葉肺形草,細莖龍膽}|NT
Geraniaceae|牻牛兒苗科|Geranium wilfordii|{老鸛草}|NT
Gesneriaceae|苦苣苔科|Rhynchotechum formosanum|{臺灣線柱苣苔}|NT
Gesneriaceae|苦苣苔科|Conandron ramondioides|{苦苣苔}|NT
Hamamelidaceae|金縷梅科|Corylopsis pauciflora|{小葉瑞木}|NT
Hypericaceae|金絲桃科|Hypericum formosanum|{臺灣金絲桃}|NT
Icacinaceae|茶茱萸科|Nothapodytes nimmoniana|{青脆枝}|NT
Lamiaceae|唇形科|Callicarpa remotiflora|{疏花紫珠}|NT
Lamiaceae|唇形科|Agastache rugosa|{藿香}|NT
Lamiaceae|唇形科|Premna hengchunensis|{恆春臭黃荊}|NT
Lamiaceae|唇形科|Clinopodium laxiflorum var. taiwanianum|{臺灣風輪菜}|NT
Lamiaceae|唇形科|Callicarpa longissima|{長葉紫珠}|NT
Lamiaceae|唇形科|Premna octonervia|{八脈臭黃荊}|NT
Lardizabalaceae|木通科|Akebia trifoliata subsp. australis|{白木通,清水木通}|NT
Lauraceae|樟科|Neolitsea daibuensis|{大武新木薑子}|NT
Lauraceae|樟科|Cinnamomum osmophloeum|{土肉桂}|NT
Lauraceae|樟科|Sassafras randaiense|{臺灣擦樹}|NT
Lauraceae|樟科|Cinnamomum reticulatum|{土樟}|NT
Lauraceae|樟科|Litsea akoensis var. sasakii|{狹葉木薑子,佐佐木氏木薑子,林氏木薑子}|NT
Lentibulariaceae|狸藻科|Utricularia striatula|{圓葉挖耳草}|NT
Linderniaceae|母草科|Torenia violacea|{長梗花蜈蚣}|NT
Loganiaceae|馬錢科|Strychnos cathayensis|{臺灣馬錢,華馬錢}|NT
Loranthaceae|桑寄生科|Loranthus kaoi|{高氏桑寄生}|NT
Loranthaceae|桑寄生科|Taxillus matsudai|{松寄生}|NT
Malvaceae|錦葵科|Reevesia formosana|{臺灣梭羅樹}|NT
Melastomataceae|野牡丹科|Bredia hirsuta var. rotundifolia|{圓葉布勒德藤}|NT
Meliaceae|楝科|Dysoxylum cumingianum|{蘭嶼椌木}|NT
Moraceae|桑科|Ficus pubinervis|{綠島榕}|NT
Moraceae|桑科|Ficus trichocarpa var. obtusa|{鈍葉毛果榕}|NT
Moraceae|桑科|Ficus ruficaulis var. antaoensis|{蘭嶼落葉榕}|NT
Myrtaceae|桃金孃科|Syzygium densinervium var. insulare|{密脈赤楠}|NT
Myrtaceae|桃金孃科|Syzygium kusukusense|{高士佛赤楠}|NT
Myrtaceae|桃金孃科|Syzygium tripinnatum|{大花赤楠}|NT
Myrtaceae|桃金孃科|Acmena acuminatissima|{賽赤楠}|NT
Myrtaceae|桃金孃科|Syzygium simile|{蘭嶼赤楠}|NT
Oleaceae|木犀科|Chionanthus ramiflorus|{紅頭李欖}|NT
Oleaceae|木犀科|Ligustrum morrisonense|{玉山女貞}|NT
Orobanchaceae|列當科|Phtheirospermum japonicum|{日本松蒿}|NT
Orobanchaceae|列當科|Euphrasia nankotaizanensis|{南湖碎雪草}|NT
Orobanchaceae|列當科|Euphrasia transmorrisonensis var. durietziana|{臺灣碎雪草,多腺毛小米草}|NT
Papaveraceae|罌粟科|Macleaya cordata|{博落迴}|NT
Pentaphylacaceae|五列木科|Eurya nitida|{光葉柃木}|NT
Pentaphylacaceae|五列木科|Eurya nitida var. nanjenshanensis|{南仁山柃木}|NT
Phyllanthaceae|葉下珠科|Glochidion ovalifolium|{卵葉饅頭果}|NT
Phyllanthaceae|葉下珠科|Antidesma hiiranense|{南仁五月茶}|NT
Plantaginaceae|車前科|Microcarpaea minima|{微果草}|NT
Plantaginaceae|車前科|Dopatrium junceum|{虻眼草}|NT
Plantaginaceae|車前科|Limnophila aromaticoides|{擬紫蘇草}|NT
Polygonaceae|蓼科|Polygonum praetermissum|{細葉雀翹}|NT
Polygonaceae|蓼科|Polygonum japonicum|{蠶繭草}|NT
Polygonaceae|蓼科|Polygonum virginianum var. filiforme|{金線草}|NT
Polygonaceae|蓼科|Polygonum filicaule|{高山蓼}|NT
Polygonaceae|蓼科|Polygonum hydropiper|{水蓼}|NT
Portulacaceae|馬齒莧科|Portulaca psammotropha|{沙生馬齒莧}|NT
Primulaceae|報春花科|Ardisia violacea|{裡菫紫金牛}|NT
Primulaceae|報春花科|Ardisia elliptica|{蘭嶼紫金牛}|NT
Ranunculaceae|毛茛科|Clematis henryi var. morii|{森氏鐵線蓮}|NT
Ranunculaceae|毛茛科|Dichocarpum adiantifolium|{鐵線蕨葉人字果,臺灣人字果}|NT
Ranunculaceae|毛茛科|Clematis parviloba subsp. bartlettii|{巴氏鐵線蓮,小葉鐵線蓮}|NT
Ranunculaceae|毛茛科|Thalictrum sessile|{玉山唐松草}|NT
Ranunculaceae|毛茛科|Clematis formosana|{臺灣鐵線蓮,臺東鐵線蓮,寶島鐵線蓮}|NT
Ranunculaceae|毛茛科|Ranunculus cheirophyllus|{掌葉毛茛}|NT
Ranunculaceae|毛茛科|Ranunculus junipericola|{檜林毛茛}|NT
Ranunculaceae|毛茛科|Clematis akoensis|{屏東鐵線蓮,大渡氏牡丹藤}|NT
Ranunculaceae|毛茛科|Clematis tamurae|{田村氏鐵線蓮}|NT
Ranunculaceae|毛茛科|Ranunculus japonicus|{毛茛}|NT
Ranunculaceae|毛茛科|Aconitum fukutomei|{臺灣烏頭}|NT
Rhizophoraceae|紅樹科|Kandelia obovata|{水筆仔}|NT
Rosaceae|薔薇科|Rubus rolfei|{高山懸鉤子,玉山懸鉤子}|NT
Rosaceae|薔薇科|Cotoneaster apiculatus|{細尖栒子}|NT
Rosaceae|薔薇科|Rubus amphidasys|{周毛懸鉤子}|NT
Rosaceae|薔薇科|Prunus transarisanensis|{阿里山櫻花}|NT
Rosaceae|薔薇科|Cotoneaster horizontalis|{平枝鋪地蜈蚣}|NT
Rosaceae|薔薇科|Potentilla discolor|{翻白草}|NT
Rosaceae|薔薇科|Rubus lanyuensis|{蘭嶼懸鉤子}|NT
Rosaceae|薔薇科|Rubus fraxinifolius|{蘭嶼榿葉懸鉤子}|NT
Rosaceae|薔薇科|Rhaphiolepis indica var. umbellata|{厚葉石斑木}|NT
Rubiaceae|茜草科|Hedyotis verticillata|{粗葉耳草}|NT
Rubiaceae|茜草科|Mussaenda macrophylla|{大葉玉葉金花}|NT
Rubiaceae|茜草科|Uncaria lanosa var. appendiculata|{恆春鉤藤}|NT
Rubiaceae|茜草科|Galium trifidum|{小葉四葉葎}|NT
Rubiaceae|茜草科|Knoxia corymbosa|{諾氏草}|NT
Rubiaceae|茜草科|Sinoadina racemosa|{水團花}|NT
Rubiaceae|茜草科|Canthium gynochodes|{朴萊木}|NT
Rubiaceae|茜草科|Psychotria cephalophora|{蘭嶼九節木}|NT
Rubiaceae|茜草科|Psychotria manillensis|{琉球九節木}|NT
Rubiaceae|茜草科|Serissa serissoides|{六月雪,滿天星}|NT
Rutaceae|芸香科|Murraya paniculata var. omphalocarpa|{長果月橘}|NT
Salicaceae|楊柳科|Salix taiwanalpina|{臺灣山柳}|NT
Salicaceae|楊柳科|Salix taiwanalpina var. morrisonicola|{玉山柳}|NT
Salicaceae|楊柳科|Flacourtia rukam|{羅庚果}|NT
Salicaceae|楊柳科|Homalium cochinchinensis|{天料木}|NT
Santalaceae|檀香科|Viscum multinerve|{刀葉槲寄生}|NT
Santalaceae|檀香科|Viscum angulatum|{柿寄生}|NT
Saxifragaceae|虎耳草科|Chrysosplenium delavayi|{青貓兒眼睛草}|NT
Schisandraceae|五味子科|Kadsura philippinensis|{菲律賓南五味子}|NT
Schoepfiaceae|青皮木科|Schoepfia jasminodora|{青皮木}|NT
Solanaceae|茄科|Solanum miyakojimense|{宮古茄}|NT
Staphyleaceae|省沽油科|Turpinia ovalifolia|{羽葉山香圓}|NT
Theaceae|茶科|Camellia salicifolia|{柳葉山茶}|NT
Theaceae|茶科|Camellia formosensis|{臺灣山茶}|NT
Thymelaeaceae|瑞香科|Daphne morrisonensis|{玉山瑞香}|NT
Thymelaeaceae|瑞香科|Wikstroemia lanceolata|{披針葉蕘花}|NT
Thymelaeaceae|瑞香科|Stellera formosana|{矮瑞香}|NT
Ulmaceae|榆科|Ulmus parvifolia|{紅雞油,榔榆}|NT
Urticaceae|蕁麻科|Cypholophus moluccanus|{瘤冠麻}|NT
Urticaceae|蕁麻科|Dendrocnide kotoensis|{紅頭咬人狗,蘭嶼咬人狗}|NT
Urticaceae|蕁麻科|Droguetia iners subsp. urticoides|{單蕊麻}|NT
Urticaceae|蕁麻科|Elatostema subcoriaceum|{近革葉樓梯草}|NT
Urticaceae|蕁麻科|Elatostema edule|{食用樓梯草}|NT
Violaceae|堇菜科|Viola biflora|{雙黃花堇菜}|NT
Violaceae|堇菜科|Hybanthus enneaspermus|{鼠鞭草}|NT
Vitaceae|葡萄科|Vitis flexuosa|{光葉葡萄}|NT
Vitaceae|葡萄科|Cayratia maritima|{海岸烏斂莓}|NT
Vitaceae|葡萄科|Vitis kelungensis|{基隆葡萄}|NT
Vitaceae|葡萄科|Vitis thunbergii|{細本葡萄}|NT
Vitaceae|葡萄科|Tetrastigma lanyuense|{蘭嶼崖爬藤}|NT
Vitaceae|葡萄科|Leea philippinensis|{菲律賓火筒樹}|NT
Vitaceae|葡萄科|Cissus pteroclada|{翼莖粉藤}|NT
Vitaceae|葡萄科|Cissus assamica|{紅毛粉藤}|NT
Zygophyllaceae|蒺藜科|Tribulus taiwanense|{臺灣蒺藜}|NT
Alismataceae|澤瀉科|Sagittaria pygmea|{線慈菇}|NT
Araceae|天南星科|Pothoidium lobbianum|{假柚葉藤}|NT
Araceae|天南星科|Homalomena philippinensis|{菲律賓扁葉芋}|NT
Araceae|天南星科|Arisaema thunbergii subsp. autumnale|{東台天南星}|NT
Arecaceae|棕櫚科|Calamus siphonospathus var. sublaevis|{蘭嶼省藤}|NT
Burmanniaceae|水玉簪科|Burmannia itoana|{紫水玉簪}|NT
Commelinaceae|鴨跖草科|Belosynapsis kawakamii|{川上氏鴨舌疝}|NT
Commelinaceae|鴨跖草科|Floscopa scandens|{蔓蘘荷,聚花草}|NT
Hydrocharitaceae|水虌科|Najas marina|{大茨藻}|NT
Hydrocharitaceae|水虌科|Blyxa japonica|{日本簀藻}|NT
Hydrocharitaceae|水虌科|Blyxa echinosperma|{臺灣簀藻}|NT
Hydrocharitaceae|水虌科|Ottelia alismoides|{水車前草}|NT
Hydrocharitaceae|水虌科|Hydrocharis dubia|{水鱉}|NT
Hydrocharitaceae|水虌科|Blyxa aubertii|{瘤果簀藻}|NT
Juncaceae|燈心草科|Luzula multiflora|{山間地楊梅}|NT
Melanthiaceae|黑葯花科|Trillium tschonoskii|{延齡草}|NT
Orchidaceae|蘭科|Odontochilus nanlingensis|{南嶺齒唇蘭}|NT
Orchidaceae|蘭科|Appendicula fenixii|{長葉竹節蘭}|NT
Orchidaceae|蘭科|Bulbophyllum pectinatum|{阿里山豆蘭,百合豆蘭}|NT
Orchidaceae|蘭科|Platanthera yangmeiensis|{陰粉蝶蘭}|NT
Orchidaceae|蘭科|Microtatorchis compacta|{假蜘蛛蘭}|NT
Orchidaceae|蘭科|Lecanorchis nigricans|{全唇皿柱蘭}|NT
Orchidaceae|蘭科|Gastrodia confusa|{八代赤箭}|NT
Orchidaceae|蘭科|Peristylus goodyeroides|{南投闊蕊蘭,南投玉鳳蘭,闊蕊蘭}|NT
Orchidaceae|蘭科|Eulophia pulchra|{南洋芋蘭,大芋蘭,墾丁杜鵑蘭}|NT
Orchidaceae|蘭科|Tipularia odorata|{南湖蠅蘭}|NT
Orchidaceae|蘭科|Ponerorchis taiwanensis|{臺灣小蝶蘭,臺灣紅蘭}|NT
Orchidaceae|蘭科|Phreatia taiwaniana|{臺灣芙樂蘭,白芙樂蘭}|NT
Orchidaceae|蘭科|Phreatia morii|{大芙樂蘭,森氏芙樂蘭,森氏馥蘭}|NT
Orchidaceae|蘭科|Anoectochilus formosanus|{臺灣金線蓮,本山石松,金線蓮}|NT
Orchidaceae|蘭科|Epipactis helleborine subsp. ohwii|{臺灣鈴蘭}|NT
Orchidaceae|蘭科|Peristylus formosanus|{臺灣鷺草}|NT
Orchidaceae|蘭科|Didymoplexis pallens|{吊鐘鬼蘭,鬼蘭,雙唇蘭}|NT
Orchidaceae|蘭科|Cymbidium lancifolium var. syunitianum|{大竹柏蘭}|NT
Orchidaceae|蘭科|Listera macrantha|{大花雙葉蘭,長舌雙葉蘭,巨葯雙葉蘭}|NT
Orchidaceae|蘭科|Chiloschista segawae|{大蜘蛛蘭}|NT
Orchidaceae|蘭科|Calanthe tricarinata|{三板根節蘭,繡邊根節蘭,紅唇根節蘭}|NT
Orchidaceae|蘭科|Gastrochilus matsudai|{寬唇松蘭,松田松蘭}|NT
Orchidaceae|蘭科|Cypripedium debile|{小喜普鞋蘭,小老虎七,小袋唇蘭}|NT
Orchidaceae|蘭科|Thrixspermum saruwatarii|{小白蛾蘭,阿里山白點蘭,溪頭風蘭}|NT
Orchidaceae|蘭科|Bulbophyllum aureolabellum|{小豆蘭,細豆蘭}|NT
Orchidaceae|蘭科|Didymoplexis micradenia|{小鬼蘭}|NT
Orchidaceae|蘭科|Goodyera fumata|{尾唇斑葉蘭,大斑葉蘭}|NT
Orchidaceae|蘭科|Habenaria iyoensis|{岩坡玉鳳蘭}|NT
Orchidaceae|蘭科|Cymbidium ensifolium|{建蘭}|NT
Orchidaceae|蘭科|Liparis grossa|{恆春羊耳蒜,紅鈴蟲蘭,立石氏羊耳蘭}|NT
Orchidaceae|蘭科|Anoectochilus koshunensis|{恆春金線蓮,高雄金線蓮}|NT
Orchidaceae|蘭科|Platanthera mandarinorum subsp. formosana|{惠粉蝶蘭}|NT
Orchidaceae|蘭科|Taeniophyllum complanatum|{扁蜘蛛蘭,大腳蜘蛛蘭,平小蜘蛛蘭}|NT
Orchidaceae|蘭科|Holcoglossum quasipinifolium|{撬唇蘭,松葉蘭}|NT
Orchidaceae|蘭科|Cheirostylis clibborndyeri|{斑葉指柱蘭}|NT
Orchidaceae|蘭科|Dendrobium falconeri|{新竹石斛,紅鸝石斛}|NT
Orchidaceae|蘭科|Cymbidium goeringii|{春蘭,草蘭,臺灣春蘭}|NT
Orchidaceae|蘭科|Flickingeria comata|{木槲,鬚唇暫花蘭}|NT
Orchidaceae|蘭科|Lecanorchis suginoana|{杉野氏皿蘭}|NT
Orchidaceae|蘭科|Nervilia aragoana|{東亞脈葉蘭,一年一葉蘭,脈葉蘭}|NT
Orchidaceae|蘭科|Bulbophyllum omerandrum|{毛葯捲瓣蘭,溪頭捲瓣蘭}|NT
Orchidaceae|蘭科|Dendrobium okinawense|{琉球石槲}|NT
Orchidaceae|蘭科|Cephalantheropsis calanthoides|{白花肖頭蕊蘭,鈴花鶴頂蘭,鈴花肖頭蕊蘭}|NT
Orchidaceae|蘭科|Habenaria dentata|{白鳳蘭,玉鳳蘭,東埔玉鳳蘭}|NT
Orchidaceae|蘭科|Trichoglottis rosea|{短穗毛舌蘭,牡丹石蘭,短穗石蘭}|NT
Orchidaceae|蘭科|Eulophia graminea|{禾草芋蘭,能高芋蘭}|NT
Orchidaceae|蘭科|Gastrodia peichatieniana|{秋赤箭,北插天山赤箭}|NT
Orchidaceae|蘭科|Bulbophyllum insulsum|{穗花捲瓣蘭}|NT
Orchidaceae|蘭科|Gastrochilus raraensis|{紅檜松蘭,拉拉山松蘭}|NT
Orchidaceae|蘭科|Oreorchis patens|{細花山蘭,雙板山蘭}|NT
Orchidaceae|蘭科|Calanthe graciliflora|{細花根節蘭,纖花根節蘭}|NT
Orchidaceae|蘭科|Dendrobium leptocladum|{細莖石斛}|NT
Orchidaceae|蘭科|Cymbidium goeringii var. serratum|{細葉春蘭}|NT
Orchidaceae|蘭科|Ania penangiana|{綠花安蘭}|NT
Orchidaceae|蘭科|Gastrochilus ciliaris|{緣毛松蘭}|NT
Orchidaceae|蘭科|Goodyera kwangtungensis|{花格斑葉蘭}|NT
Orchidaceae|蘭科|Bulbophyllum hirundinis|{花蓮捲瓣蘭,朱紅冠毛蘭}|NT
Orchidaceae|蘭科|Cymbidium goeringii var. tortisepalum|{菅草蘭,埤南蘭,埤南春蘭}|NT
Orchidaceae|蘭科|Hylophila nipponica|{蘭嶼袋唇蘭,蘭嶼光唇蘭}|NT
Orchidaceae|蘭科|Taeniophyllum glandulosum|{蜘蛛蘭,帶葉蘭}|NT
Orchidaceae|蘭科|Peristylus lacertifer|{裂唇闊蕊蘭}|NT
Orchidaceae|蘭科|Habenaria polytricha|{裂瓣玉鳳蘭}|NT
Orchidaceae|蘭科|Peristylus calcaratus|{貓鬚蘭,小粉蝶蘭}|NT
Orchidaceae|蘭科|Calanthe actinomorpha|{輻形根節蘭,輻射鶴頂蘭}|NT
Orchidaceae|蘭科|Thrixspermum fantasticum|{金唇風蘭,小風蘭,烏來風蘭}|NT
Orchidaceae|蘭科|Cymbidium floribundum|{金稜邊蘭,九節蘭,紫蘭}|NT
Orchidaceae|蘭科|Dendrobium chryseum|{金草,金草蘭}|NT
Orchidaceae|蘭科|Goodyera matsumurana|{銀線蓮,假金線蓮}|NT
Orchidaceae|蘭科|Cheirostylis cochinchinensis|{雉尾指柱蘭}|NT
Orchidaceae|蘭科|Zeuxine odorata|{香線柱蘭,香絹蘭}|NT
Orchidaceae|蘭科|Bulbophyllum setaceum|{鸛冠蘭}|NT
Orchidaceae|蘭科|Ascocentrum pumilum|{鹿角蘭,小鹿角蘭}|NT
Orchidaceae|蘭科|Calanthe sieboldii|{黃根節蘭,川上氏根節蘭}|NT
Orchidaceae|蘭科|Cleisostoma acuminatum|{黃繡球蘭}|NT
Orchidaceae|蘭科|Thrixspermum laurisilvaticum|{黃蛾蘭,桂林狹唇蘭}|NT
Philydraceae|田蔥科|Philydrum lanuginosum|{田蔥}|NT
Poaceae|禾本科|Narenga porphyrocoma|{河王八}|NT
Poaceae|禾本科|Bambusa pachinensis var. hirsutissima|{長毛八芝蘭竹}|NT
Poaceae|禾本科|Schizachyrium brevifolium|{裂稃草}|NT
Poaceae|禾本科|Zoysia tenuifolia|{高麗芝}|NT
Poaceae|禾本科|Isachne nipponensis|{日本柳葉箬}|NT
Poaceae|禾本科|Urochloa glumaris|{雀稗尾稃草}|NT
Poaceae|禾本科|Centotheca lappacea|{假淡竹葉}|NT
Poaceae|禾本科|Arundinella hirta|{野古草}|NT
Poaceae|禾本科|Setaria faberi|{法氏狗尾草}|NT
Poaceae|禾本科|Deyeuxia suizanensis|{水山野青茅}|NT
Poaceae|禾本科|Chloris formosana|{臺灣虎尾草}|NT
Poaceae|禾本科|Eragrostis japonica|{日本鯽魚草}|NT
Poaceae|禾本科|Ischaemum setaceum|{小黃金鴨嘴草}|NT
Poaceae|禾本科|Capillipedium kwashotensis|{綠島細柄草}|NT
Poaceae|禾本科|Erianthus formosanus|{臺灣蔗草}|NT
Poaceae|禾本科|Melica onoei|{小野臭草}|NT
Poaceae|禾本科|Bromus formosanus|{臺灣雀麥}|NT
Poaceae|禾本科|Polypogon monspeliensis|{長芒棒頭草}|NT
Poaceae|禾本科|Anthoxanthum horsfieldii var. formosanum|{臺灣黃花茅}|NT
Poaceae|禾本科|Digitaria fauriei|{佛歐里馬唐}|NT
Poaceae|禾本科|Paspalidium punctatum|{類雀稗}|NT
Poaceae|禾本科|Poa tenuicula|{細桿早熟禾}|NT
Poaceae|禾本科|Poa sphondyodes var. kelungensis|{基隆早熟禾}|NT
Poaceae|禾本科|Neyraudia arundinacea|{類蘆}|NT
Aspleniaceae|鐵角蕨科|Asplenium pekinense|{北京鐵角蕨}|DD
Aspleniaceae|鐵角蕨科|Asplenium subnormale|{小鐵角蕨}|DD
Aspleniaceae|鐵角蕨科|Asplenium pseudolaserpitiifolium|{黑鱗鐵角蕨}|DD
Aspleniaceae|鐵角蕨科|Asplenium yunnanense|{雲南鐵角蕨}|DD
Athyriaceae|蹄蓋蕨科|Diplazium kappanense|{角板山雙蓋蕨}|DD
Athyriaceae|蹄蓋蕨科|Deparia tomitaroana|{羽裂雙蓋蕨,羽裂單葉雙蓋蕨}|DD
Athyriaceae|蹄蓋蕨科|Deparia longipes|{昆明假蹄蓋蕨}|DD
Athyriaceae|蹄蓋蕨科|Diplazium laxifrons|{疏葉雙蓋蕨}|DD
Athyriaceae|蹄蓋蕨科|Cornopteris philippinensis|{菲律賓貞蕨}|DD
Athyriaceae|蹄蓋蕨科|Diplazium okudairai|{假耳羽雙蓋蕨}|DD
Athyriaceae|蹄蓋蕨科|Diplazium asperum|{粗柄雙蓋蕨,糙柄雙蓋蕨}|DD
Athyriaceae|蹄蓋蕨科|Diplazium agyokuense|{阿玉雙蓋蕨}|DD
Davalliaceae|骨碎補科|Humata vestita|{熱帶陰石蕨}|DD
Dennstaedtiaceae|碗蕨科|Microlepia taiwaniana|{臺灣鱗蓋蕨}|DD
Dennstaedtiaceae|碗蕨科|Microlepia sinostrigosa|{中華鱗蓋蕨}|DD
Dennstaedtiaceae|碗蕨科|Microlepia platyphylla|{闊葉鱗蓋蕨}|DD
Dryopteridaceae|鱗毛蕨科|Dryopteris subintegriloba|{蓬萊鱗毛蕨}|DD
Dryopteridaceae|鱗毛蕨科|Dryopteris sublacera|{亞二型鱗毛蕨}|DD
Dryopteridaceae|鱗毛蕨科|Dryopteris tenuipes|{落葉鱗毛蕨}|DD
Dryopteridaceae|鱗毛蕨科|Polystichum nervosum|{顯脈貫眾蕨}|DD
Dryopteridaceae|鱗毛蕨科|Polystichum prescottianum|{南湖耳蕨}|DD
Dryopteridaceae|鱗毛蕨科|Dryopteris komarovii|{近多鱗鱗毛蕨}|DD
Dryopteridaceae|鱗毛蕨科|Dryopteris latibasis|{闊基鱗毛蕨}|DD
Dryopteridaceae|鱗毛蕨科|Polystichum kiusiuense|{九州耳蕨}|DD
Dryopteridaceae|鱗毛蕨科|Dryopteris sinofibrillosa|{黑鱗遠軸鱗毛蕨}|DD
Dryopteridaceae|鱗毛蕨科|Dryopteris huangshanensis|{黃山鱗毛蕨}|DD
Dryopteridaceae|鱗毛蕨科|Dryopteris dickinsii|{遠軸鱗毛蕨}|DD
Gleicheniaceae|裏白科|Dicranopteris taiwanensis|{臺灣芒萁,大羽芒萁}|DD
Gleicheniaceae|裏白科|Dicranopteris linearis var. subpectinata|{賽芒萁}|DD
Hymenophyllaceae|膜蕨科|Hymenophyllum productum|{南洋蕗蕨}|DD
Hymenophyllaceae|膜蕨科|Crepidomanes palmifolium|{變葉假脈蕨}|DD
Hymenophyllaceae|膜蕨科|Hymenophyllum simonsianum|{寬片膜蕨}|DD
Hymenophyllaceae|膜蕨科|Hymenophyllum devolii|{臺灣膜蕨}|DD
Hymenophyllaceae|膜蕨科|Mecodium wrightii|{萊氏蕗蕨}|DD
Hymenophyllaceae|膜蕨科|Hymenophyllum taiwanense|{臺灣蕗蕨}|DD
Hymenophyllaceae|膜蕨科|Vandenboschia pyxidifera|{熱帶瓶蕨}|DD
Lindsaeaceae|陵齒蕨科|Lindsaea heterophylla|{異葉陵齒蕨}|DD
Lindsaeaceae|陵齒蕨科|Tapeinidium gracile|{細葉達邊蕨}|DD
Lycopodiaceae|石松科|Huperzia serrata var. longipetiolata|{長柄千層塔}|DD
Lycopodiaceae|石松科|Huperzia cryptomeriana|{柳杉葉蔓石松}|DD
Marsileaceae|蘋科|Marsilea crenata|{南國田字草}|DD
Ophioglossaceae|瓶爾小草科|Ophioglossum reticulatum|{網脈瓶爾小草}|DD
Polypodiaceae|水龍骨科|Loxogramme chinensis|{中國劍蕨,密葉劍蕨}|DD
Polypodiaceae|水龍骨科|Pyrrosia gralla|{中國石葦}|DD
Polypodiaceae|水龍骨科|Pyrrosia transmorrisonensis|{玉山石葦}|DD
Polypodiaceae|水龍骨科|Lepisorus kuchenensis|{猺山瓦葦}|DD
Polypodiaceae|水龍骨科|Crypsinus taiwanensis|{臺灣茀蕨}|DD
Polypodiaceae|水龍骨科|Grammitis intromissa|{大禾葉蕨}|DD
Polypodiaceae|水龍骨科|Loxogramme confertifolia|{密葉劍蕨}|DD
Polypodiaceae|水龍骨科|Grammitis nuda|{長孢禾葉蕨}|DD
Polypodiaceae|水龍骨科|Crypsinus okamotoi|{岡本氏茀蕨}|DD
Polypodiaceae|水龍骨科|Pyrrosia matsudae|{松田氏石葦}|DD
Polypodiaceae|水龍骨科|Grammitis jagoriana|{擬禾葉蕨}|DD
Pteridaceae|鳳尾蕨科|Cheilanthes mexicana|{粉背蕨}|DD
Pteridaceae|鳳尾蕨科|Vaginularia trichoidea|{一條線蕨}|DD
Pteridaceae|鳳尾蕨科|Pteris cadieri|{二形鳳尾蕨}|DD
Pteridaceae|鳳尾蕨科|Cheilanthes subargentea|{擬長柄粉背蕨}|DD
Pteridaceae|鳳尾蕨科|Pteris tripartita|{三腳鳳尾蕨}|DD
Pteridaceae|鳳尾蕨科|Pteris plumbea|{廣東鳳尾蕨}|DD
Pteridaceae|鳳尾蕨科|Pteris nipponica|{日本鳳尾蕨}|DD
Salviniaceae|槐葉蘋科|Azolla pinnata|{滿江紅}|DD
Selaginellaceae|卷柏科|Selaginella satakeana|{狹葉卷柏}|DD
Selaginellaceae|卷柏科|Selaginella pseudonipponica|{擬日本卷柏}|DD
Tectariaceae|三叉蕨科|Tectaria linloensis|{毛三叉蕨}|DD
Thelypteridaceae|金星蕨科|Cyclosorus latipinnus|{微縮小毛蕨}|DD
Thelypteridaceae|金星蕨科|Cyclosorus ensifer|{廣葉毛蕨,微縮小毛蕨}|DD
Thelypteridaceae|金星蕨科|Cyclosorus papilio|{薄葉梳毛蕨,縮羽毛蕨}|DD
Thelypteridaceae|金星蕨科|Pronephrium insularis|{變葉新月蕨}|DD
Woodsiaceae|岩蕨科|Athyrium epirachis|{軸果蹄蓋蕨}|DD
Cupressaceae|柏科|Juniperus formosana var. concolor|{綠背刺柏}|DD
Acanthaceae|爵床科|Hygrophila lancea|{水蓑衣}|DD
Acanthaceae|爵床科|Justicia gendarussa|{尖尾鳳}|DD
Actinidiaceae|獼猴桃科|Actinidia tetramera|{四萼獼猴桃}|DD
Adoxaceae|五福花科|Viburnum sphaerocarpum|{毬果莢迷}|DD
Adoxaceae|五福花科|Viburnum japonicum|{日本莢迷}|DD
Amaranthaceae|莧科|Atriplex nummularia|{臺灣濱藜}|DD
Amaranthaceae|莧科|Chenopodium formosanum|{臺灣藜}|DD
Amaranthaceae|莧科|Celosia taitoensis|{臺東青葙}|DD
Annonaceae|番荔枝科|Fissistigma glaucescens|{裏白瓜馥木}|DD
Apiaceae|繖形科|Angelica morrisonicola var. nanhutashanensis|{南湖當歸}|DD
Apocynaceae|夾竹桃科|Melodinus angustifolius|{山橙}|DD
Apocynaceae|夾竹桃科|Tabernaemontana pandacaqui|{南洋馬蹄花,馬蹄花,山馬茶}|DD
Apocynaceae|夾竹桃科|Holarrhena pubescens|{止瀉木}|DD
Apocynaceae|夾竹桃科|Alyxia sinensis|{中國念珠藤}|DD
Aquifoliaceae|冬青科|Ilex rarasanensis|{拉拉山冬青}|DD
Aquifoliaceae|冬青科|Ilex sugerokii var. brevipedunculata|{太平山冬青}|DD
Asteraceae|菊科|Saussurea japonica|{鳳毛菊}|DD
Asteraceae|菊科|Tephroseris taitoensis|{臺灣狗舌草}|DD
Asteraceae|菊科|Aster itsunboshi|{大武山紫菀}|DD
Berberidaceae|小檗科|Berberis ravenii|{神武小檗}|DD
Berberidaceae|小檗科|Berberis aristatoserrulata|{長葉小檗}|DD
Brassicaceae|十字花科|Cardamine agyokumontana|{阿玉碎米薺}|DD
Brassicaceae|十字花科|Cardamine nipponica|{日本蔊菜}|DD
Brassicaceae|十字花科|Cardamine impatiens|{水花菜}|DD
Buxaceae|黃楊科|Pachysandra axillaris|{三角咪草}|DD
Caryophyllaceae|石竹科|Dianthus pygmaeus fo. albiflorus|{白花玉山石竹}|DD
Caryophyllaceae|石竹科|Polycarpaea corymbosa|{白鼓釘}|DD
Caryophyllaceae|石竹科|Cerastium formosanum|{臺灣卷耳}|DD
Celastraceae|衛矛科|Euonymus trichocarpus|{卵葉刺果衛矛}|DD
Celastraceae|衛矛科|Euonymus tashiroi|{菱葉衛矛,松田氏衛矛}|DD
Ceratophyllaceae|金魚藻科|Ceratophyllum kossinskyi|{細金魚藻,貧角金魚藻}|DD
Ceratophyllaceae|金魚藻科|Ceratophyllum demersum|{金魚藻,松藻}|DD
Ceratophyllaceae|金魚藻科|Ceratophyllum oryzetorum|{五角金魚藻}|DD
Connaraceae|牛栓藤科|Connarus subinaequifolius|{蘭嶼牛栓藤}|DD
Convolvulaceae|旋花科|Merremia quinata|{掌葉姬旋花}|DD
Convolvulaceae|旋花科|Cuscuta campestris|{平原菟絲子}|DD
Cornaceae|山茱萸科|Benthamidia japonica var. chinensis|{四照花}|DD
Crassulaceae|景天科|Kalanchoe gracilis|{小燈籠草,大還魂}|DD
Crassulaceae|景天科|Sedum parvisepalum|{尖萼佛甲草}|DD
Crassulaceae|景天科|Sedum cryptomerioides|{杉葉佛甲草}|DD
Daphniphyllaceae|虎皮楠科|Daphniphyllum glaucescens subsp. oldhamii var. kengii|{耿氏虎皮楠}|DD
Diapensiaceae|岩梅科|Shortia rotundifolia var. ritoensis|{李棟山裂緣花}|DD
Diapensiaceae|岩梅科|Shortia rotundifolia var. subcordata|{圓葉裂緣花}|DD
Diapensiaceae|岩梅科|Shortia rotundifolia|{倒卵葉裂緣花}|DD
Droseraceae|茅膏菜科|Drosera peltata|{茅膏菜}|DD
Ebenaceae|柿樹科|Diospyros vaccinioides|{楓港柿}|DD
Elaeagnaceae|胡頹子科|Elaeagnus oldhamii|{宜梧}|DD
Elatinaceae|溝繁縷科|Elatine ambigua|{短柄花溝繁縷,三蕊溝繁縷}|DD
Ericaceae|杜鵑花科|Vaccinium wrightii var. formosanum|{臺灣大葉越橘}|DD
Ericaceae|杜鵑花科|Rhododendron ovatum|{馬銀花}|DD
Ericaceae|杜鵑花科|Rhododendron nakaharai|{中原氏杜鵑}|DD
Ericaceae|杜鵑花科|Rhododendron tashiroi|{大武杜鵑}|DD
Ericaceae|杜鵑花科|Chimaphila monticola|{臺灣愛冬葉}|DD
Ericaceae|杜鵑花科|Monotropa uniflora|{單花錫杖花,臺灣錫杖花}|DD
Ericaceae|杜鵑花科|Rhododendron noriakianum|{細葉杜鵑,南湖大山杜鵑,志佳陽杜鵑}|DD
Ericaceae|杜鵑花科|Lyonia ovalifolia var. lanceolata|{銳葉南燭}|DD
Ericaceae|杜鵑花科|Rhododendron tanakai|{阿里山杜鵑,阿里山石楠}|DD
Euphorbiaceae|大戟科|Acalypha suirenbiensis|{花蓮鐵莧}|DD
Euphorbiaceae|大戟科|Acalypha matudae|{恆春鐵莧}|DD
Euphorbiaceae|大戟科|Acalypha hontauyuensis|{紅頭鐵莧}|DD
Euphorbiaceae|大戟科|Acalypha akoensis|{屏東鐵莧}|DD
Euphorbiaceae|大戟科|Acalypha longiacuminata|{尖尾鐵莧}|DD
Fabaceae|豆科|Flemingia lineata|{線葉佛來明豆}|DD
Fabaceae|豆科|Indigofera galegoides|{假大青藍}|DD
Fabaceae|豆科|Indigofera glandulifera|{腺葉木藍}|DD
Fabaceae|豆科|Uraria picta|{羽葉兔尾草}|DD
Fabaceae|豆科|Alysicarpus vaginalis var. taiwanensis|{黃花煉莢豆}|DD
Fabaceae|豆科|Macrotyloma uniflorum|{長硬皮豆}|DD
Fabaceae|豆科|Chamaecrista nomame|{豆茶決明}|DD
Fabaceae|豆科|Crotalaria chiayiana|{紅花假地藍}|DD
Fabaceae|豆科|Desmodium laxiflorum|{疏花山螞蝗}|DD
Fabaceae|豆科|Albizia kalkora|{山合歡}|DD
Fabaceae|豆科|Vigna angularis var. nipponensis|{野紅豆}|DD
Fagaceae|殼斗科|Quercus myrsinifolia|{黑櫟}|DD
Fagaceae|殼斗科|Quercus glauca var. kuyuensis|{谷園青剛櫟}|DD
Haloragaceae|小二仙草科|Myriophyllum dicoccum|{雙室狐尾藻,雙室聚藻}|DD
Hypericaceae|金絲桃科|Hypericum nokoense|{能高金絲桃}|DD
Hypericaceae|金絲桃科|Hypericum gramineum|{細葉金絲桃}|DD
Hypericaceae|金絲桃科|Hypericum erectum|{小連翹}|DD
Hypericaceae|金絲桃科|Triadenum breviflorum|{三腺金絲桃}|DD
Lamiaceae|唇形科|Sphenodesme involucrata|{爪楔翅藤,楔翅藤}|DD
Lamiaceae|唇形科|Elsholtzia ciliata|{香薷}|DD
Lamiaceae|唇形科|Clerodendrum ohwi|{花蓮海州常山,大井氏海洲常山}|DD
Lamiaceae|唇形科|Salvia formosana|{臺灣紫花鼠尾草}|DD
Lamiaceae|唇形科|Acrocephalus indicus|{頂頭花,團花草}|DD
Lauraceae|樟科|Cinnamomum macrostemon|{胡氏肉桂}|DD
Lauraceae|樟科|Lindera glauca|{白葉釣樟}|DD
Lentibulariaceae|狸藻科|Utricularia uliginosa|{齒萼挖耳草}|DD
Lentibulariaceae|狸藻科|Utricularia minor|{小狸藻}|DD
Loganiaceae|馬錢科|Mitrasacme indica|{光巾草}|DD
Loranthaceae|桑寄生科|Taxillus theifer|{埔姜桑寄生}|DD
Lythraceae|千屈菜科|Trapa taiwanensis|{臺灣菱}|DD
Lythraceae|千屈菜科|Trapa natans var. japonica|{鬼菱}|DD
Malpighiaceae|黃褥花科|Ryssopterys timoriensis|{翅實藤}|DD
Malvaceae|錦葵科|Hibiscus mutabilis|{木芙蓉}|DD
Malvaceae|錦葵科|Sida javensis|{爪哇金午時花}|DD
Mazaceae|通泉草科|Mazus tainanensis|{臺南通泉草}|DD
Melastomataceae|野牡丹科|Melastoma affine|{基尖葉野牡丹}|DD
Moraceae|桑科|Ficus microcarpa var. fuyuensis|{傅園榕}|DD
Moraceae|桑科|Ficus microcarpa var. oluangpiensis|{鵝鑾鼻藤榕}|DD
Moraceae|桑科|Ficus erecta|{假枇杷}|DD
Moraceae|桑科|Ficus microcarpa var. crassifolia|{厚葉榕,謝氏榕,萬權榕}|DD
Moraceae|桑科|Ficus microcarpa var. pusillifolia|{小葉榕}|DD
Myrtaceae|桃金孃科|Syzygium euphlebium|{細脈赤楠}|DD
Nymphaeaceae|睡蓮科|Nymphaea nouchali|{白花睡蓮}|DD
Nymphaeaceae|睡蓮科|Nymphaea stellata|{藍睡蓮,白花睡蓮}|DD
Nymphaeaceae|睡蓮科|Nymphaea tetragona|{睡蓮,子午蓮}|DD
Orobanchaceae|列當科|Orobanche coerulescens|{列當}|DD
Passifloraceae|西番蓮科|Modecca formosana|{假西番蓮}|DD
Pentaphylacaceae|五列木科|Eurya taitungensis|{清水山柃木}|DD
Pentaphylacaceae|五列木科|Adinandra formosana var. obtusissima|{鈍葉楊桐}|DD
Phyllanthaceae|葉下珠科|Antidesma japonicum var. acutisepalum|{南投五月茶}|DD
Piperaceae|胡椒科|Piper interruptum var. multinervum|{多脈風藤}|DD
Plantaginaceae|車前科|Deinostema violaceum|{澤番椒}|DD
Plantaginaceae|車前科|Callitriche raveniana|{細苞水馬齒,雷文氏水馬齒}|DD
Polygonaceae|蓼科|Polygonum foliosum|{宜蘭蓼}|DD
Primulaceae|報春花科|Maesa perlaria|{恆春山桂花}|DD
Putranjivaceae|非洲核果木科|Drypetes karapinensis|{交力坪鐵色}|DD
Ranunculaceae|毛茛科|Thalictrum javanicum var. puberulum|{微毛爪哇唐松草}|DD
Rosaceae|薔薇科|Rosa luciae var. rosea|{臺灣光葉薔薇}|DD
Rosaceae|薔薇科|Rosa bracteata var. scabriacaulis|{濱野薔薇}|DD
Rosaceae|薔薇科|Rubus pseudoacer subsp. flexuosus|{清水懸鉤子}|DD
Rosaceae|薔薇科|Rosa pricei|{太魯閣薔薇}|DD
Rosaceae|薔薇科|Rosa multiflora var. formosana|{臺灣野薔薇}|DD
Rosaceae|薔薇科|Rubus parvifolius var. toapiensis|{臺東紅梅消}|DD
Rosaceae|薔薇科|Rosa luciae|{光葉薔薇}|DD
Rosaceae|薔薇科|Pourthiaea villosa var. chingshuiensis|{清水石楠}|DD
Rubiaceae|茜草科|Hedyotis butensis|{臭涼喉茶}|DD
Rutaceae|芸香科|Citrus tachibana|{橘柑}|DD
Rutaceae|芸香科|Skimmia japonica var. orthoclada|{臺灣茵芋}|DD
Rutaceae|芸香科|Zanthoxylum armatum|{秦椒}|DD
Rutaceae|芸香科|Citrus taiwanica|{南庄橙}|DD
Rutaceae|芸香科|Acronychia pedunculata|{降真香}|DD
Styracaceae|安息香科|Styrax formosana var. hayataiana|{恆春野茉莉,早田氏紅皮}|DD
Symplocaceae|灰木科|Symplocos macrostroma|{大花灰木}|DD
Symplocaceae|灰木科|Symplocos juiyenensis|{瑞岩灰木}|DD
Thymelaeaceae|瑞香科|Wikstroemia retusa|{倒卵葉蕘花}|DD
Urticaceae|蕁麻科|Elatostema hypoglaucum|{白背樓梯草}|DD
Urticaceae|蕁麻科|Laportea interrupta|{桑葉麻}|DD
Urticaceae|蕁麻科|Pilea swinglei|{三角葉冷水麻}|DD
Vitaceae|葡萄科|Vitis flexuosa fo. parvifolia|{小葉葛藟}|DD
Vitaceae|葡萄科|Cissus elongata|{五葉粉藤}|DD
Acoraceae|菖蒲科|Acorus gramineus var. macrospadiceus|{大穗石菖蒲}|DD
Amaryllidaceae|石蒜科|Allium thunbergii|{野蒜頭,山薤}|DD
Amaryllidaceae|石蒜科|Allium grayi|{山蒜}|DD
Amaryllidaceae|石蒜科|Allium bakeri var. morrisonense|{玉山蒜,野薤}|DD
Araceae|天南星科|Epipremnum formosanum|{臺灣拎樹藤}|DD
Araceae|天南星科|Homalomena kelungensis|{基隆扁葉芋}|DD
Asparagaceae|天門冬科|Polygonatum chingshuishanianum|{清水山黃精}|DD
Colchicaceae|秋水仙科|Disporum taiwanense|{紅花寶鐸花}|DD
Colchicaceae|秋水仙科|Disporum nantouense|{南投寶鐸花}|DD
Cyperaceae|莎草科|Eleocharis tetraquetra|{四角藺}|DD
Cyperaceae|莎草科|Eleocharis ochrostachys|{日月潭藺}|DD
Cyperaceae|莎草科|Lipocarpha microcephala|{銀穗湖瓜草}|DD
Cyperaceae|莎草科|Schoenus falcatus|{赤箭莎}|DD
Cyperaceae|莎草科|Eleocharis acutangula|{桃園藺}|DD
Cyperaceae|莎草科|Eleocharis atropurpurea|{黑果藺}|DD
Cyperaceae|莎草科|Pycreus unioloides|{水社扁莎}|DD
Cyperaceae|莎草科|Actinoscirpus grossus|{大藨草}|DD
Cyperaceae|莎草科|Cyperus amuricus|{阿穆爾莎草}|DD
Cyperaceae|莎草科|Remirea maritima|{海濱莎}|DD
Cyperaceae|莎草科|Pycreus sulcinux|{墾丁扁莎}|DD
Cyperaceae|莎草科|Scleria sumatrensis|{印尼珍珠茅}|DD
Cyperaceae|莎草科|Schoenus apogon|{矮赤箭莎}|DD
Cyperaceae|莎草科|Lepironia articulata|{石龍芻}|DD
Cyperaceae|莎草科|Scleria laeviformis|{光果珍珠茅}|DD
Cyperaceae|莎草科|Diplacrum caricinum|{裂穎茅}|DD
Cyperaceae|莎草科|Lipocarpha chinensis|{華湖瓜草}|DD
Hydrocharitaceae|水虌科|Vallisneria gigantea|{大苦草}|DD
Iridaceae|鳶尾科|Iris nantouensis|{南投鳶尾}|DD
Liliaceae|百合科|Lilium callosum|{野小百合}|DD
Liliaceae|百合科|Lilium longiflorum var. scabrum|{粗莖麝香百合,糙莖麝香百合,鐵砲百合}|DD
Melanthiaceae|黑葯花科|Paris polyphylla var. taitungensis|{臺東七葉一枝花}|DD
Melanthiaceae|黑葯花科|Paris fargesii var. brevipetalata|{短瓣球葯隔七葉一枝花}|DD
Melanthiaceae|黑葯花科|Veratrum shueshanarum|{雪山黎蘆}|DD
Musaceae|芭蕉科|Musa insularimontana|{蘭嶼芭蕉}|DD
Orchidaceae|蘭科|Zeuxine kantokeiensis|{關刀溪線柱蘭}|DD
Orchidaceae|蘭科|Chamaeanthus wenzelii|{低葯蘭,威氏細花蘭}|DD
Orchidaceae|蘭科|Tainia hualienia|{黃花小杜鵑蘭}|DD
Orchidaceae|蘭科|Flickingeria parietiformis|{世富暫花蘭}|DD
Orchidaceae|蘭科|Neottia acuminata|{鳥巢蘭}|DD
Orchidaceae|蘭科|Bulbophyllum albociliatum var. weiminianum|{維明豆蘭}|DD
Orchidaceae|蘭科|Papilionanthe taiwaniana|{臺灣萬代蘭}|DD
Orchidaceae|蘭科|Zeuxine flava|{黃花線柱蘭}|DD
Petrosaviaceae|櫻井草科|Petrosavia sakuraii|{櫻井草,無葉蓮}|DD
Poaceae|禾本科|Sporobolus indicus var. flaccidus|{雙蕊鼠尾粟}|DD
Poaceae|禾本科|Perotis macrantha|{大穗茅根}|DD
Poaceae|禾本科|Ischaemum aristatum var. momiyamae|{毛穗鴨嘴草}|DD
Poaceae|禾本科|Digitaria ischaemum|{止血馬唐}|DD
Poaceae|禾本科|Arthraxon pauciflorus|{粗梗藎草}|DD
Poaceae|禾本科|Eremochloa ciliaris|{蜈蚣草}|DD
Poaceae|禾本科|Eragrostis fauriei|{佛歐里畫眉草}|DD
Poaceae|禾本科|Glyceria leptolepis|{假鼠婦草}|DD
Poaceae|禾本科|Phyllostachys lithophila|{石竹,石竹子,轎槓竹}|DD
Poaceae|禾本科|Eustachys tenera|{真穗草}|DD
Poaceae|禾本科|Eccoilopus formosanus|{臺灣油芒}|DD
Poaceae|禾本科|Sinobambusa kunishii|{臺灣矢竹}|DD
Poaceae|禾本科|Festuca formosana|{臺灣羊茅}|DD
Poaceae|禾本科|Eragrostis nutans|{細葉畫眉草}|DD
Poaceae|禾本科|Arthrostylidium naibunensis|{內文竹,恆春矢竹,恆春青籬竹}|DD
Poaceae|禾本科|Isachne miliacea|{類黍柳葉箬}|DD
Poaceae|禾本科|Ischaemum muticum|{無芒鴨嘴草}|DD
Poaceae|禾本科|Bambusa utilis|{烏葉竹}|DD
Poaceae|禾本科|Digitaria mollicoma|{絨馬唐}|DD
Poaceae|禾本科|Ischaemum aureum|{黃金鴨嘴草}|DD
Poaceae|禾本科|Aniselytron treutleri|{溝稃草}|DD
Poaceae|禾本科|Setaria glauca|{御谷}|DD
Poaceae|禾本科|Ischaemum crassipes|{鴨嘴草}|DD
Poaceae|禾本科|Digitaria magna|{大絨馬唐}|DD
Poaceae|禾本科|Dimeria falcata|{鐮形觿茅}|DD
Poaceae|禾本科|Perotis indica|{茅根}|DD
Poaceae|禾本科|Schizachyrium fragile var. shimadae|{尖葉裂稃草}|DD
Poaceae|禾本科|Ischaemum akoense|{屏東鴨嘴草}|DD
Poaceae|禾本科|Garnotia acutigluma|{銳穎葛氏草}|DD
Xanthorrhoeaceae|黃脂木科|Hemerocallis aurantiaca|{橙萱}|DD
Zingiberaceae|薑科|Alpinia nantoensis|{南投月桃}|DD
